genre_ID,average tempo, average duration,average danceability
1,91.35,352593.2,0.28
2,118.9,1047430.4,0.31
3,192.82,133454,0.67
4,116.07,249531.2446,0.55
5,105.51,201839.0719,0.52
6,142.5,366098.4,0.47
7,117.28,174867,0.67
8,107.59,228204.8788,0.73
9,67.56,580533,0.17
10,139.82,165480,0.44
11,112.72,165441.5625,0.63
12,127.6,303980.2,0.7
13,112.92,288994.1667,0.68
14,129.14,254073.526,0.46
15,131.01,401250.6667,0.68
16,135.38,145366.5,0.55
17,98.77,241560.7362,0.4
18,114.69,201385.4569,0.6
19,128.18,59531,0.39
20,168.18,242160,0.4
21,121.13,232309.1575,0.55
22,117.26,204393.8715,0.57
23,121.94,205446.8571,0.56
24,106.4,181958,0.57
25,117.01,502291,0.65
26,134.91,292687.4286,0.57
27,114.22,200027.8167,0.5
28,113.65,202442.6032,0.53
29,111.39,320455.1,0.61
30,94.07,278581.3333,0.44
31,119.58,339622,0.64
32,132.28,221829.0417,0.7
33,114.74,265097.6429,0.75
34,116.95,239156.4583,0.67
35,119.14,234094.9843,0.54
36,97.9,317427,0.37
37,124.99,220920.8333,0.64
38,126.36,391767.9,0.75
39,118.61,403900,0.58
40,114.05,284760.1667,0.8
41,115.62,316544.386,0.62
42,113.22,278800.0082,0.65
43,144.45,247120,0.48
44,117.19,310666.8333,0.63
45,102.06,188818.3333,0.76
46,130.79,279414.3542,0.57
47,113.3,237396.9444,0.55
48,110.38,199820,0.41
49,116.45,224973.5159,0.7
50,124.99,175313,0.81
51,136.0,468207,0.78
52,127.97,187106,0.68
53,116.74,203421.62,0.58
54,99.95,144000,0.89
55,124.4,269234.6226,0.52
56,125.97,235680.298,0.53
57,109.81,246129.6583,0.51
58,122.55,244022.3846,0.54
59,126.28,264020.145,0.6
60,125.3,224461.9284,0.47
61,108.36,242870.2553,0.7
62,125.33,247261.6893,0.46
63,131.43,214472.641,0.45
64,135.48,217077.1463,0.66
65,117.87,265613.9427,0.66
66,125.6,244563.4468,0.48
67,104.37,262296.7667,0.55
68,127.02,295331,0.74
69,98.6,239712.7143,0.78
70,112.28,338320.1818,0.37
71,111.03,356480,0.26
72,125.0,390326,0.8
73,119.23,270670.9319,0.58
74,115.0,294900,0.64
75,113.9,317732.3333,0.55
76,130.1,259950.74,0.5
77,99.4,259229.1905,0.26
78,72.59,428762.5,0.09
79,125.35,324251.2778,0.61
80,98.12,296200.5,0.36
81,107.73,347241.0316,0.29
82,145.84,330846,0.81
83,108.07,236179.5412,0.31
84,106.05,334937.1681,0.35
85,94.87,334736.6332,0.32
86,107.92,178615.7733,0.31
87,111.86,169481.2848,0.54
88,131.67,184313.125,0.47
89,114.15,223666.75,0.44
90,120.28,285188.3595,0.41
91,139.89,275649.14,0.54
92,101.52,334403.1285,0.29
93,117.2,319998.2,0.47
94,114.9,499556.7182,0.38
95,100.1,171723.7107,0.3
96,111.03,308323,0.32
97,92.78,244296.5714,0.54
98,171.94,211579.7989,0.31
99,85.16,223125.0952,0.25
100,103.66,149662,0.74
101,129.09,244109.372,0.51
102,143.9,215485.0333,0.41
103,123.74,239901.4299,0.55
104,124.26,215883.2207,0.53
105,102.0,263692.2857,0.6
106,122.0,203776.4079,0.51
107,124.86,288462.1572,0.48
108,120.81,233939.9958,0.51
109,124.09,190787,0.58
110,128.15,213324.9611,0.58
111,122.1,180511.3062,0.55
112,127.97,210000,0.74
113,107.78,263246.6667,0.47
114,105.64,454893.7062,0.42
115,111.64,212859.1667,0.54
116,122.02,331795.7319,0.58
117,134.38,230116.8,0.43
118,106.17,168760,0.57
119,118.94,397971.3333,0.49
120,126.2,203868.1667,0.38
121,139.0,317169.75,0.6
122,130.95,316369.1667,0.74
123,102.33,286664.0024,0.54
124,179.99,293360,0.62
125,119.75,245627,0.55
126,93.01,238011.4167,0.82
127,113.4,255130.5567,0.59
128,138.01,201773,0.62
129,122.88,280980,0.42
130,114.37,184359.7601,0.58
131,152.97,217906,0.65
132,87.94,292000,0.14
133,121.94,254472.4526,0.52
134,128.51,225259.5373,0.54
135,121.46,273080.7171,0.5
136,110.38,258417.5998,0.32
137,122.75,285791.6667,0.35
138,113.22,218193.6218,0.73
139,98.67,167900,0.15
140,132.98,225959,0.71
141,135.13,240629.7268,0.48
142,122.41,245432.9238,0.73
143,122.71,228363.3481,0.74
144,138.36,311685.625,0.76
145,114.03,223064.303,0.5
146,104.0,259493,0.56
147,73.47,253843,0.38
148,111.03,356480,0.26
149,119.5,267107,0.68
150,111.45,398947.5,0.23
151,135.02,308613,0.87
152,111.82,375480,0.23
153,128.93,235050.8333,0.44
154,101.97,172945.2222,0.53
155,106.95,314960,0.27
156,127.73,241838.5577,0.6
157,118.86,219569.0833,0.58
158,135.14,285163.1667,0.58
159,108.79,230951.525,0.62
160,120.69,181841.75,0.78
161,127.0,227351.9694,0.47
162,127.54,367667,0.3
163,147.01,181143,0.58
164,117.72,205644.6667,0.33
165,144.9,104918.0143,0.71
166,104.83,128650,0.36
167,174.6,194267,0.11
168,120.31,222160.0326,0.56
169,135.4,246457.8469,0.6
170,130.58,212257.9754,0.58
171,114.83,224192.6667,0.48
172,121.01,183478.1105,0.68
173,127.25,326948.4118,0.69
174,118.78,285503.5067,0.57
175,114.6,254253.18,0.54
176,107.31,201167.25,0.6
177,125.03,167673,0.64
178,138.39,237688.3778,0.41
179,123.3,233526.4776,0.59
180,147.61,259187,0.45
181,115.19,276101.75,0.43
182,121.87,268332.0353,0.44
183,105.75,266160,0.65
184,113.26,279672,0.51
185,121.0,230818.7771,0.53
186,125.33,119893.1667,0.51
187,148.72,229067,0.28
188,140.06,197195,0.59
189,140.72,160152.5,0.68
190,165.88,196000,0.58
191,99.4,269131.3258,0.27
192,115.7,391377.8733,0.36
193,121.91,364076.1207,0.24
194,98.6,183167.5,0.36
195,122.31,266157,0.77
196,106.61,261612.8876,0.34
197,103.95,262725,0.52
198,108.76,148467,0.73
199,116.47,327386.7059,0.27
200,103.25,349011.8862,0.33
201,107.87,403327.3237,0.44
202,124.55,253482.75,0.48
203,115.53,233132.6667,0.61
204,104.14,330441.5,0.46
205,115.75,236563.3333,0.75
206,132.94,260869.5,0.65
207,125.25,252300.5748,0.77
208,127.49,262905.3342,0.74
209,123.56,338463.2619,0.61
210,104.0,260402.8869,0.47
211,111.73,217645.5247,0.5
212,90.4,166267,0.48
213,170.71,166173,0.54
214,113.82,166087.5185,0.64
215,123.27,199844.5556,0.82
216,100.12,148893.9524,0.59
217,115.04,160908.8911,0.61
218,117.23,435218.6923,0.65
219,117.87,237780.25,0.53
220,122.44,276146.5,0.35
221,123.03,502439,0.88
222,113.91,184203.2381,0.34
223,123.81,179896.4895,0.38
224,95.93,307727.9,0.28
225,92.95,134213,0.76
226,139.91,301890.7222,0.53
227,130.2,202607.0014,0.68
228,128.05,214916.424,0.67
229,118.97,192654.5667,0.64
230,85.6,162554.4,0.64
231,106.03,189627.4667,0.59
232,118.15,203185.35,0.5
233,102.01,203988.9115,0.5
234,129.97,187709.4179,0.54
235,104.91,354449.6,0.31
236,113.01,234987.9757,0.73
237,123.39,139115.5556,0.53
238,120.25,208924.6667,0.51
239,126.42,211768.5,0.52
240,90.56,305840,0.65
241,99.15,246286.6141,0.61
242,94.25,73702.95045,0.65
243,130.42,252153.2917,0.31
244,100.8,224755.8719,0.42
245,99.73,91742.33333,0.39
246,109.64,360173,0.18
247,104.66,231291.3895,0.37
248,121.12,313585.2628,0.48
249,107.44,183333,0.19
250,105.42,286406.8958,0.42
251,152.04,168352.1542,0.56
252,130.76,274472.7549,0.64
253,123.85,244142.875,0.59
254,125.32,229767.8422,0.66
255,131.62,280919.2,0.76
256,133.73,262114.4583,0.74
257,108.02,269880,0.66
258,119.98,364000,0.86
259,125.24,246617.0472,0.72
260,106.86,252036.2862,0.68
261,123.84,259485.6875,0.8
262,110.41,373886.1333,0.56
263,121.21,246970.8584,0.7
264,126.21,211531.625,0.73
265,102.18,189849.4244,0.55
266,111.61,289249,0.48
267,100.61,256076.0132,0.54
268,96.36,244444.3333,0.79
269,124.18,216913.2891,0.53
270,166.5,159940.5,0.69
271,113.5,328699.5776,0.51
272,113.45,292608.0188,0.61
273,106.34,227329.6218,0.66
274,136.62,70173.33333,0.47
275,152.45,227411,0.6
276,117.96,221649,0.6
277,106.52,309287,0.39
278,119.75,222412,0.56
279,133.15,306453.0833,0.58
280,129.87,278630.2821,0.67
281,142.0,552868,0.71
282,129.99,842311,0.78
283,101.74,189037.8462,0.56
284,113.37,402320,0.18
285,120.23,248512,0.64
286,116.47,214280,0.76
287,130.73,352346.9524,0.49
288,111.96,225385,0.45
289,122.0,247869,0.82
290,124.21,454889.3827,0.61
291,96.84,247423,0.63
292,118.64,192197.3739,0.44
293,90.17,305733,0.66
294,142.8,211105.2778,0.72
295,126.56,349101.8417,0.82
296,118.71,394727.3433,0.38
297,115.4,265418.9765,0.59
298,138.4,281501.0833,0.69
299,112.42,354000,0.21
300,114.51,234605.4619,0.54
301,125.19,332730.2269,0.61
302,128.49,225284.4709,0.6
303,64.26,121626,0.49
304,139.03,224379.7333,0.69
305,175.07,309954,0.55
306,127.3,286442.2331,0.45
307,125.95,226031,0.69
308,131.19,306534.725,0.28
309,111.16,164267.5807,0.6
310,132.06,292866.4797,0.24
311,128.02,187647.8254,0.38
312,135.76,364453,0.35
313,123.79,251370.8956,0.25
314,141.61,388806.75,0.18
315,126.29,207095.0972,0.47
316,90.79,399065.3333,0.32
317,95.16,226600,0.33
318,139.91,282561.8519,0.5
319,128.57,213218.5282,0.54
320,119.93,223893.22,0.44
321,130.44,190672.09,0.58
322,117.47,228013.3333,0.59
323,113.09,231642.6667,0.46
324,187.52,298966.5,0.35
325,123.41,269215.5604,0.52
326,136.99,241263.8095,0.67
327,125.73,385253,0.81
328,112.85,190220.0011,0.56
329,114.77,182929.0373,0.59
330,103.16,194220.5396,0.55
331,108.17,194906.0187,0.67
332,121.18,275603.4615,0.61
333,118.54,344958.2333,0.68
334,122.52,209756.7671,0.62
335,117.96,232984.5529,0.67
336,124.66,403569.8333,0.86
337,114.65,206205.387,0.56
338,105.77,392482.6,0.61
339,127.55,244586.6667,0.59
340,104.79,161715.8333,0.56
341,117.42,190002.2333,0.69
342,83.5,238066,0.46
343,134.62,267449.3654,0.42
344,107.61,159361.7947,0.47
345,128.55,201587.4134,0.49
346,126.28,251329.2768,0.8
347,151.44,299786.6667,0.59
348,120.71,209463.7046,0.55
349,119.89,243405.5976,0.43
350,116.76,246761.9211,0.63
351,121.02,203320,0.7
352,85.33,289886.5,0.17
353,121.42,163618.6667,0.52
354,126.1,351012.1719,0.38
355,111.55,221135.9936,0.54
356,101.07,154821.5476,0.43
357,117.24,126943.75,0.48
358,124.01,504194,0.87
359,102.58,218954.8,0.14
360,111.46,213574.664,0.63
361,120.34,238917.5039,0.43
362,92.75,245996.6308,0.25
363,172.89,353800,0.22
364,125.91,285757.0667,0.2
365,129.11,341543.2857,0.73
366,117.01,502291,0.65
367,125.96,73621.94118,0.22
368,121.09,260052.1364,0.39
369,94.83,232800,0.69
370,114.4,184345.8347,0.64
371,113.21,239048.9266,0.5
372,126.82,168117.9343,0.48
373,91.52,161904.6,0.67
374,102.19,244733,0.67
375,115.79,226841.2083,0.77
376,120.21,239156.5718,0.53
377,167.53,172176,0.32
378,105.6,200606.6198,0.67
379,123.0,346000,0.81
380,121.99,257705,0.89
381,121.09,260052.1364,0.39
382,132.95,305599.558,0.62
383,131.14,254393.5,0.54
384,107.59,413989,0.41
385,130.43,193525.75,0.57
386,118.56,172217.8838,0.53
387,104.08,389950.7778,0.69
388,155.68,224133,0.43
389,114.39,330201.1757,0.7
390,117.08,237002.85,0.65
391,126.09,294710.5,0.3
392,121.09,255963.3314,0.5
393,116.83,563729.8333,0.28
394,98.98,30946,0.91
395,98.81,254545.5538,0.26
396,94.16,297746.0949,0.3
397,118.26,191475.7143,0.69
398,95.34,251766.2903,0.22
399,113.0,203736.8472,0.49
400,112.31,256328.5,0.24
401,129.46,230907.3653,0.48
402,117.41,224934.2831,0.51
403,114.02,243087.75,0.26
404,110.24,201989.1508,0.56
405,115.77,245825.0458,0.53
406,123.04,183434.8389,0.53
407,112.05,295504.9667,0.37
408,104.42,248479.1901,0.28
409,99.71,371054.9714,0.25
410,125.13,253551.8889,0.5
411,155.0,323223.25,0.32
412,120.89,235372.5556,0.48
413,115.95,249620.6416,0.59
414,100.51,215830.1404,0.26
415,122.08,247675.3846,0.48
416,116.61,237297.1594,0.49
417,115.48,385605.947,0.71
418,109.73,272334.8918,0.75
419,119.13,188488.9234,0.73
420,120.77,223945.2643,0.52
421,129.44,260667.2933,0.59
422,118.61,245238.1526,0.37
423,137.66,172587.1944,0.35
424,135.56,231584.6491,0.57
425,126.87,173939.1293,0.55
426,129.92,229187.7365,0.68
427,122.15,177022.5345,0.55
428,111.36,283824,0.5
429,138.37,207352.4444,0.3
430,124.83,380555.1667,0.74
431,75.91,1794902.5,0.12
432,104.98,258333,0.57
433,122.68,199040,0.43
434,108.71,189524.3333,0.67
435,117.28,246351.4741,0.54
436,130.53,212155.7681,0.47
437,110.98,181336.5848,0.48
438,149.97,176775.9048,0.52
439,132.05,299853,0.45
440,111.94,214968.7147,0.74
441,116.36,264463.1934,0.54
442,110.97,180376.5392,0.6
443,123.63,179685.0952,0.52
444,95.09,225283.8279,0.3
445,106.49,252960,0.36
446,106.4,257513.7083,0.54
447,102.58,214107.4821,0.61
448,116.96,232224.44,0.51
449,126.52,230053.0087,0.58
450,107.89,129105.2919,0.73
451,98.79,190791.5115,0.28
452,109.22,260344.2574,0.27
453,111.57,271867.6263,0.37
454,100.79,207202.6667,0.45
455,125.14,219139.2,0.6
456,108.9,236635.2076,0.59
457,118.98,216037.6905,0.6
458,133.98,292391.4675,0.67
459,123.2,214367.0238,0.55
460,102.09,349609.0833,0.3
461,129.01,235921.65,0.46
462,103.9,234146.6667,0.37
463,125.74,206245.2945,0.7
464,122.62,246014.1408,0.55
465,133.25,201226.5,0.5
466,113.49,175352.8667,0.47
467,116.11,248854.6786,0.75
468,128.61,241557.509,0.45
469,139.93,273864,0.62
470,121.21,240561.3282,0.58
471,126.92,206080.1667,0.48
472,117.29,218324.5833,0.41
473,100.41,647556.8889,0.14
474,126.59,238169.7095,0.41
475,131.21,228087.4649,0.48
476,127.39,231840.6172,0.52
477,127.17,144013.3333,0.46
478,114.19,245183.1463,0.55
479,113.27,216856.3801,0.34
480,106.88,200164.6667,0.71
481,115.9,210221.7331,0.51
482,141.71,162693,0.49
483,127.86,216407.3572,0.55
484,138.09,159253.5,0.47
485,122.42,244741.0168,0.56
486,101.69,255747,0.49
487,110.43,373225.1607,0.45
488,121.63,233244,0.58
489,122.46,232298.7939,0.55
490,116.44,253986.803,0.48
491,122.31,191599.8393,0.49
492,106.36,205225.6304,0.38
493,65.96,180773,0.56
494,127.18,249395.8333,0.64
495,108.7,270966.75,0.62
496,124.98,252280,0.65
497,116.43,413359.4574,0.57
498,137.18,196644.125,0.45
499,114.86,458298.0992,0.55
500,143.22,195014.8333,0.65
501,122.38,159172.7737,0.66
502,98.6,242370.7172,0.23
503,112.42,344565.9683,0.37
504,72.7,199773,0.19
505,122.46,272380.6205,0.48
506,137.34,197960.3333,0.55
507,124.84,213790.6912,0.37
508,118.62,217922.0483,0.49
509,125.76,309829.75,0.51
510,125.41,283515.75,0.49
511,126.96,182861.2099,0.51
512,125.29,234020.1509,0.54
513,108.9,186305.3431,0.62
514,127.94,188946.875,0.37
515,104.98,258333,0.57
516,101.11,190568.2222,0.59
517,94.31,215032.7653,0.22
518,163.44,183153.5,0.34
519,137.5,174269.5,0.38
520,100.63,323591.4833,0.32
521,113.94,250200.5877,0.5
522,117.14,264491.7413,0.54
523,140.04,309672.9107,0.67
524,88.75,192160,0.62
525,116.45,173860.4762,0.52
526,113.95,220247.8696,0.53
527,120.2,176587.4375,0.64
528,126.54,175046.5,0.36
529,100.84,253277.3284,0.64
530,136.19,274048,0.65
531,136.09,242922,0.63
532,130.35,356117.6,0.62
533,120.46,235619.4478,0.56
534,130.93,236347.706,0.7
535,124.13,223584.2,0.34
536,125.47,346906.0324,0.74
537,132.03,211953.9011,0.49
538,139.5,317830,0.4
539,129.25,183879.2333,0.43
540,122.85,231125.7639,0.69
541,115.72,204744.111,0.57
542,132.52,162865.9048,0.42
543,106.16,245737.0062,0.77
544,119.31,230519.8645,0.68
545,182.22,242026,0.61
546,102.69,212388.5313,0.39
547,128.31,144429.4912,0.68
548,118.98,151090.9526,0.69
549,104.96,610370.25,0.69
550,142.97,286779.3333,0.63
551,91.73,219521.4444,0.65
552,113.93,355732.2475,0.52
553,136.3,234783.3783,0.62
554,131.5,532543,0.6
555,106.87,238617.7083,0.47
556,121.55,274318.8182,0.65
557,106.63,196432.2222,0.73
558,114.46,316881.0956,0.65
559,102.66,175376.9362,0.67
560,132.93,380323.625,0.51
561,120.99,246655.5009,0.6
562,121.95,261962,0.39
563,130.27,241933,0.39
564,108.78,222845.5,0.33
565,111.19,213046.75,0.32
566,142.02,217088,0.66
567,89.97,280842,0.41
568,116.5,364075,0.74
569,125.89,237246.5028,0.54
570,172.69,244240,0.48
571,98.51,381974.5556,0.39
572,130.49,255742,0.59
573,130.27,241933,0.39
574,130.46,204117.4748,0.52
575,77.06,101600,0.78
576,123.17,252702.46,0.49
577,133.82,280126.3855,0.77
578,101.25,233293.5003,0.29
579,109.3,174699.4792,0.55
580,137.89,243513.5,0.45
581,120.18,271287.5,0.51
582,90.26,227773.6429,0.56
583,123.69,250830.9064,0.49
584,126.06,201327,0.36
585,129.07,191924.3333,0.52
586,126.92,233675.9399,0.7
587,118.32,239402.8517,0.52
588,132.63,226069.4202,0.47
589,135.26,252147.725,0.44
590,120.4,266232.8477,0.49
591,123.35,252375.9247,0.52
592,109.62,263974.6563,0.49
593,116.93,208992.8556,0.51
594,111.15,244160.4533,0.41
595,129.3,219934.5748,0.49
596,129.76,247165.3694,0.72
597,111.26,288975.4124,0.51
598,109.5,227731.1193,0.55
599,112.87,195646.4444,0.54
600,130.3,257503.9867,0.76
601,119.95,249565.4394,0.69
602,154.71,246324.3333,0.71
603,125.32,376666.2,0.63
604,127.77,377734.7865,0.72
605,83.93,348560,0.57
606,125.12,280646.4286,0.66
607,106.62,309709.7,0.6
608,112.85,463745.0135,0.48
609,109.99,194057.7,0.56
610,131.11,206664.2917,0.62
611,105.36,319071.3333,0.72
612,109.19,260996.5985,0.52
613,125.6,248734.8289,0.58
614,119.2,237224.6957,0.52
615,122.95,263641.388,0.7
616,116.14,195492.7101,0.68
617,113.5,183795.8454,0.6
618,76.83,172446.4222,0.3
619,109.33,209144.2937,0.67
620,138.53,337680.0667,0.53
621,109.33,165693,0.39
622,127.39,151480,0.78
623,150.02,189600.3333,0.57
624,123.63,186994.7905,0.5
625,120.02,162337.1805,0.55
626,115.43,192537.4399,0.52
627,142.0,246383.939,0.53
628,93.5,733455.6667,0.6
629,138.29,304919.25,0.38
630,127.54,263783.2,0.44
631,118.61,191480,0.81
632,117.83,178894.3153,0.6
633,102.55,186158.6606,0.41
634,115.5,225309.8795,0.5
635,133.26,285836.4573,0.52
636,129.3,408749.8702,0.57
637,103.73,306642.774,0.57
638,109.28,231352.875,0.48
639,96.3,182860,0.27
640,145.99,245880,0.63
641,112.5,265686.8451,0.54
642,138.08,214631.8,0.54
643,124.48,205143.7593,0.63
644,127.35,252254.9462,0.5
645,103.56,258550.5443,0.53
646,121.62,300403.7206,0.5
647,137.68,190194.2324,0.65
648,101.15,193977.8333,0.6
649,108.39,234168.9867,0.37
650,134.66,273176.325,0.58
651,123.53,220803.6,0.36
652,140.91,272960,0.63
653,123.34,256842.2948,0.53
654,109.06,183921.028,0.64
655,131.52,269046.9,0.55
656,112.34,214341.2323,0.55
657,118.73,234765.971,0.58
658,103.74,229256.7843,0.33
659,115.24,194755.2342,0.52
660,123.38,238055.5257,0.63
661,103.96,281443,0.81
662,91.83,201316.3333,0.58
663,120.31,224907.7992,0.55
664,121.84,218236.0565,0.61
665,102.74,313136.2927,0.32
666,132.07,153067,0.35
667,103.66,250083.7176,0.33
668,93.64,311261.4388,0.3
669,105.61,267766.5933,0.29
670,103.82,321908.6997,0.29
671,107.91,285878.0217,0.32
672,118.41,289369.2292,0.28
673,109.68,263070.3981,0.37
674,103.03,452693.88,0.36
675,109.93,222009.6414,0.4
676,126.79,258000,0.64
677,99.55,239523.6,0.41
678,84.9,366864.1061,0.21
679,120.33,261033.3333,0.46
680,99.72,351701.6877,0.29
681,80.3,343334.8889,0.24
682,105.02,305642.8455,0.21
683,103.91,329335.976,0.31
684,97.42,310681.1754,0.33
685,80.8,138933,0.38
686,92.32,356422.3333,0.31
687,134.61,331599.28,0.31
688,100.66,276433.9303,0.31
689,100.06,289356.0064,0.31
690,121.43,205480.3534,0.39
691,115.65,249573.2847,0.53
692,140.83,187023.5,0.53
693,105.09,217190.3165,0.58
694,118.46,212508.5591,0.37
695,93.18,197352.3,0.68
696,146.52,226564.3333,0.67
697,76.02,234293,0.64
698,69.51,98920,0.53
699,134.89,357439.6667,0.53
700,123.99,819510,0.7
701,127.79,416835.15,0.79
702,143.5,326007.4,0.72
703,127.01,410212,0.8
704,120.72,236100.1776,0.69
705,117.0,271617.3958,0.69
706,123.0,346000,0.81
707,101.74,252044.1437,0.55
708,121.29,235689.2549,0.66
709,123.35,209021.3902,0.56
710,117.22,218968.2277,0.58
711,118.72,216930.2598,0.53
712,133.98,381169,0.7
713,136.71,430944.7255,0.49
714,111.92,317792.9178,0.37
715,126.2,319178.8792,0.28
716,132.04,131165.5714,0.41
717,107.6,256169.5934,0.68
718,109.08,281587,0.29
719,99.01,375928.3783,0.29
720,80.92,360308.008,0.32
721,127.14,219358.5371,0.59
722,129.21,241922.0833,0.51
723,117.5,320608.7447,0.51
724,112.29,349614.1584,0.44
725,111.35,355449.0122,0.48
726,113.71,241440.2847,0.54
727,80.96,453930.7143,0.1
728,112.76,325263.6668,0.51
729,112.86,188697.3258,0.52
730,132.74,139635.875,0.45
731,163.98,278143,0.13
732,126.51,204327.0794,0.69
733,118.96,216602.9093,0.69
734,143.57,241376.5374,0.48
735,116.66,211088.5357,0.5
736,122.71,487343.875,0.21
737,105.53,266905.8333,0.54
738,137.89,234767.4625,0.46
739,122.56,212072.5799,0.59
740,114.33,207479.2804,0.6
741,134.89,152274.7322,0.74
742,124.37,227644.0936,0.59
743,114.72,174362.9852,0.55
744,131.17,204113.0925,0.58
745,111.24,223533,0.66
746,119.43,223814.2589,0.71
747,125.36,217987.4914,0.58
748,121.33,231097.6006,0.57
749,106.91,204972,0.7
750,118.31,172513.1734,0.58
751,135.42,223519.0961,0.56
752,105.39,169109.75,0.46
753,128.01,371561.6667,0.65
754,97.19,241520,0.32
755,123.51,236194.55,0.59
756,122.4,233643.125,0.57
757,131.68,495553,0.32
758,119.31,210161.3976,0.32
759,121.17,260253.2314,0.77
760,129.49,150104.9699,0.32
761,116.46,282666.5,0.67
762,127.31,267031.2,0.64
763,113.25,223280.6728,0.59
764,101.14,237084.8357,0.7
765,120.17,225006.306,0.71
766,109.62,245129.7768,0.7
767,96.02,247706.5,0.8
768,110.08,223150.0625,0.72
769,116.17,214921.2589,0.72
770,141.48,316839.6667,0.66
771,133.6,242129.517,0.75
772,111.2,228357.5,0.8
773,95.9,361155.3333,0.43
774,104.84,167800.2,0.61
775,112.67,249766.1965,0.74
776,127.4,229496.7241,0.69
777,107.44,228274.7143,0.8
778,116.88,282700.4542,0.49
779,171.97,236067,0.57
780,102.0,196995.6667,0.39
781,97.86,354530.0946,0.28
782,95.82,395559.8333,0.33
783,112.59,159891.6667,0.42
784,132.92,142865.0556,0.43
785,100.41,203378.3833,0.65
786,98.02,211191.159,0.62
787,135.28,116014.7273,0.24
788,104.23,233778.8529,0.44
789,135.0,96000,0.42
790,127.99,150573.5,0.56
791,139.57,208947,0.3
792,120.3,231444.2266,0.66
793,123.8,247435.9458,0.58
794,126.45,239889.1526,0.55
795,115.83,228817.8588,0.73
796,126.98,295947,0.37
797,115.42,368950.75,0.66
798,102.09,415175.7889,0.28
799,124.02,228200,0.61
800,129.26,287250.0417,0.64
801,124.0,419200,0.81
802,125.99,312933,0.8
803,126.0,232068.5,0.89
804,117.46,298869.2917,0.49
805,139.06,267429.3115,0.39
806,121.06,229572.0909,0.69
807,114.66,357323.4167,0.46
808,111.21,288347,0.56
809,111.25,236621.4444,0.47
810,111.21,288347,0.56
811,125.99,312933,0.8
812,125.85,189185.4792,0.56
813,204.21,213187,0.37
814,101.41,174656.3651,0.59
815,122.61,205579,0.58
816,134.35,250205.3547,0.43
817,131.79,262686.6636,0.55
818,127.49,343380,0.56
819,128.22,277515.2222,0.5
820,157.03,2873659.333,0.38
821,92.01,410133.72,0.29
822,127.48,440251.3214,0.69
823,137.55,259598.9253,0.5
824,126.6,532864.6,0.63
825,147.01,442953,0.72
826,128.19,395489.1111,0.77
827,129.22,189511.0029,0.7
828,128.1,267398.0176,0.49
829,172.02,389164.5,0.59
830,99.99,289187,0.45
831,140.94,195955.7361,0.44
832,128.67,114153.7758,0.34
833,125.94,262612.75,0.24
834,119.65,270230.0778,0.33
835,123.48,222367.9802,0.44
836,116.24,202998.4,0.34
837,113.94,259993.2,0.47
838,120.13,267528.4276,0.33
839,142.85,260335.2867,0.42
840,137.73,214603.5,0.4
841,127.9,228905.6,0.49
842,114.19,161690.3116,0.53
843,129.74,291623.7084,0.58
844,129.83,363936.1095,0.47
845,116.99,325438,0.65
846,119.07,261488.4563,0.51
847,90.61,147107,0.57
848,95.68,197368.7778,0.64
849,122.7,191114.8981,0.59
850,129.51,258854.5,0.71
851,129.94,62773,0.52
852,123.33,443454,0.78
853,129.01,335658,0.77
854,108.91,107363.4167,0.46
855,118.68,401315.1354,0.73
856,126.8,315420.8333,0.7
857,160.44,352874.5714,0.7
858,128.51,356231.5,0.51
859,117.73,230392.2222,0.78
860,125.61,338541.4408,0.76
861,124.01,221821,0.58
862,127.31,326103.6667,0.68
863,97.78,226449.5,0.75
864,87.65,672934.5417,0.29
865,119.26,239184.6667,0.74
866,145.5,452423,0.66
867,125.43,204559.6667,0.66
868,124.5,378780,0.82
869,142.49,260622,0.67
870,102.52,209480,0.52
871,122.91,261680.307,0.74
872,169.99,302159.5,0.56
873,138.9,151942,0.38
874,123.66,358655.1154,0.74
875,135.0,263449,0.62
876,101.5,252452.5625,0.62
877,109.84,244307,0.56
878,97.5,288692.5833,0.62
879,137.34,298013,0.7
880,171.0,340027,0.47
881,116.16,250827,0.39
882,137.0,70074,0.4
883,125.03,167673,0.64
884,125.63,396739.9731,0.79
885,119.1,152395.4444,0.55
886,115.44,245712.3287,0.53
887,131.0,284349,0.62
888,112.15,194333.1204,0.69
889,127.22,218920.08,0.65
890,103.0,229053,0.56
891,126.25,497141,0.59
892,135.03,242257.8348,0.55
893,167.46,334480,0.5
894,123.5,129400,0.58
895,130.0,186133.5,0.53
896,112.43,200730.5809,0.72
897,124.52,190436.2024,0.7
898,100.7,309255.4167,0.54
899,108.43,242288.6365,0.64
900,121.98,338571,0.84
901,109.56,156427.82,0.39
902,116.2,155101.5,0.67
903,135.57,266397.1285,0.75
904,122.22,221714.4883,0.63
905,124.66,441123.8111,0.7
906,123.0,397985,0.73
907,112.05,235391.8724,0.67
908,126.26,206514.0956,0.72
909,130.42,212674.8718,0.6
910,125.98,219798.5,0.77
911,120.09,197549.0287,0.57
912,111.27,241757,0.82
913,97.94,253160,0.57
914,115.98,253353.5,0.64
915,116.02,286025.6667,0.55
916,122.71,487343.875,0.21
917,93.58,240566,0.48
918,137.0,366938.8,0.46
919,105.81,254063.1862,0.66
920,112.89,278683.1101,0.65
921,126.97,268321.4,0.64
922,107.01,235355.6863,0.68
923,121.08,341176.3333,0.73
924,118.21,205317.8562,0.54
925,122.93,369857.25,0.77
926,123.11,213417.9444,0.71
927,109.04,649711.5556,0.4
928,110.43,130575.6,0.63
929,140.82,206794.3673,0.81
930,87.54,219394.3056,0.58
931,103.23,802271.9024,0.31
932,125.18,230277.4545,0.53
933,96.66,171997.615,0.69
934,123.94,263441.4441,0.74
935,129.56,284208.3617,0.75
936,116.67,290907.157,0.66
937,126.54,300817.9556,0.71
938,106.84,168821.0463,0.5
939,83.98,159095,0.71
940,123.57,291735.4813,0.7
941,123.12,193883.0071,0.56
942,91.68,257140,0.33
943,133.57,236251.1667,0.51
944,133.17,199915.2489,0.7
945,129.0,268939.1061,0.71
946,115.06,80927,0.83
947,124.74,155322.4661,0.51
948,122.41,306052.9,0.3
949,147.6,255503,0.54
950,141.08,230626.5,0.55
951,123.62,332548.5344,0.48
952,118.38,301447.6055,0.62
953,120.05,245832,0.4
954,95.42,379460,0.51
955,124.11,261234.0014,0.47
956,130.65,215953.4167,0.56
957,119.95,263233.3333,0.41
958,134.72,237323.6417,0.5
959,88.8,402578.2255,0.25
960,132.16,228412.2798,0.68
961,130.77,287084.8182,0.58
962,107.65,388704.068,0.32
963,107.71,555338.0106,0.42
964,125.25,349015.6667,0.37
965,133.34,295342.9044,0.55
966,119.3,232082.4942,0.76
967,125.42,308520,0.42
968,146.67,248037.619,0.77
969,137.96,380495,0.84
970,123.72,470303.4,0.54
971,130.65,265534.6035,0.57
972,109.31,291070.3333,0.55
973,127.23,338315.6667,0.8
974,87.94,292000,0.14
975,115.88,221661.75,0.57
976,125.92,163959,0.59
977,126.99,190348.375,0.63
978,111.03,356480,0.26
979,136.88,202565.1774,0.67
980,119.15,405625.1702,0.76
981,116.66,288879,0.57
982,183.84,206333,0.41
983,103.33,278177.6667,0.46
984,106.48,239846.5,0.49
985,128.13,274262.8396,0.7
986,123.51,433283.5,0.78
987,142.21,148782,0.59
988,147.63,339523.2,0.51
989,121.66,286980.7893,0.74
990,136.65,165284.2,0.54
991,82.99,254371,0.27
992,140.95,607252.5,0.37
993,126.78,248444.3333,0.43
994,128.01,338184,0.79
995,130.14,198049.6284,0.56
996,125.68,252109.625,0.4
997,169.99,192452,0.77
998,139.67,193765.5417,0.58
999,123.29,395464.9111,0.74
1000,133.41,212345.81,0.53
1001,127.45,186426.5625,0.68
1002,116.91,377468.9415,0.58
1003,103.87,279300.5249,0.29
1004,100.54,221803.885,0.35
1005,100.39,193638.3143,0.21
1006,108.76,229251.6759,0.38
1007,95.3,193207.5182,0.78
1008,105.62,297958.8969,0.36
1009,122.97,263929.8643,0.63
1010,137.6,187384.4407,0.41
1011,108.7,260467.0447,0.75
1012,119.05,253562.7813,0.67
1013,93.8,180078,0.66
1014,113.02,187404.7018,0.43
1015,131.15,183900.2909,0.56
1016,118.97,260185.4118,0.48
1017,124.04,276729.6557,0.6
1018,110.0,341299.1706,0.36
1019,108.08,254125.9958,0.53
1020,121.72,238925.2,0.71
1021,126.98,235559.4138,0.61
1022,127.93,212827.1,0.54
1023,130.27,314894.0333,0.78
1024,91.18,250146.5,0.63
1025,126.0,284949.5278,0.33
1026,122.13,228349.3571,0.63
1027,112.43,249641.1721,0.54
1028,120.92,267467.8924,0.55
1029,114.43,307056.3087,0.79
1030,128.02,251393.44,0.63
1031,112.24,303594.2926,0.72
1032,126.78,288275.8186,0.64
1033,116.55,253860.9157,0.67
1034,127.24,274961,0.64
1035,125.18,267247.8721,0.61
1036,119.09,276316.6667,0.71
1037,128.09,192551.5,0.74
1038,128.42,278423,0.46
1039,115.17,248891.5342,0.64
1040,133.0,235849.4962,0.63
1041,121.46,298315.5089,0.61
1042,95.0,156198,0.58
1043,125.0,679680,0.75
1044,127.0,457482,0.8
1045,130.55,265659,0.35
1046,123.18,228524.8026,0.62
1047,139.4,200068.4844,0.56
1048,108.01,205678,0.66
1049,126.74,256506.0996,0.53
1050,134.98,267161.2172,0.44
1051,172.05,207787,0.49
1052,129.23,222536.2852,0.38
1053,121.61,208117.59,0.66
1054,109.79,211183.0278,0.31
1055,103.38,201034.0769,0.36
1056,103.93,294657.25,0.48
1057,96.5,177505.5,0.32
1058,104.86,209558.7875,0.48
1059,88.57,210675.58,0.19
1060,111.3,422532.2,0.22
1061,120.8,221625.1905,0.46
1062,113.76,144293.5,0.29
1063,118.97,186050,0.74
1064,125.46,223033.2257,0.67
1065,80.58,173166,0.24
1066,83.32,170080,0.58
1067,174.14,207069,0.46
1068,115.38,226453.6009,0.4
1069,124.15,345411.0556,0.6
1070,96.1,200662.4038,0.62
1071,79.44,302293,0.47
1072,130.82,215576.6667,0.67
1073,120.01,441394.3333,0.8
1074,160.32,197079.625,0.43
1075,137.55,242220.7703,0.5
1076,128.5,441227,0.68
1077,144.64,286200.0513,0.55
1078,128.16,241016.9833,0.7
1079,122.6,238391.74,0.66
1080,123.19,224998.0096,0.49
1081,123.49,174949.25,0.63
1082,118.02,191716.7198,0.51
1083,116.96,274192.4098,0.47
1084,115.37,264824.4134,0.31
1085,147.07,263639,0.79
1086,102.26,221017.6,0.43
1087,145.99,256905.95,0.4
1088,116.46,226169.7704,0.63
1089,122.55,432000,0.84
1090,147.7,169533,0.59
1091,128.01,303750,0.69
1092,122.11,232078.0508,0.58
1093,120.54,232180.4664,0.46
1094,105.41,329266.3169,0.57
1095,108.41,183709.8173,0.53
1096,92.0,229616,0.76
1097,126.44,267120.25,0.46
1098,134.83,165303,0.38
1099,110.23,146543.25,0.46
1100,146.31,236860.8667,0.63
1101,109.16,263387.6104,0.57
1102,127.29,282207.9439,0.65
1103,125.06,253833.5,0.48
1104,134.8,217524.84,0.4
1105,118.69,223917.3584,0.44
1106,105.99,257920,0.6
1107,120.77,224262.7,0.38
1108,130.78,315443.1667,0.4
1109,96.57,198476.0132,0.25
1110,130.55,245069.7273,0.38
1111,120.77,224262.7,0.38
1112,119.3,220834.3833,0.57
1113,116.95,356702,0.68
1114,128.44,226577.6667,0.45
1115,119.53,272113.1515,0.41
1116,122.37,267900.0393,0.38
1117,136.36,293626.8571,0.39
1118,124.17,353467,0.68
1119,155.18,245836.75,0.39
1120,112.94,254665.1349,0.58
1121,133.03,512950,0.6
1122,113.97,251109.6034,0.58
1123,86.8,216507,0.22
1124,101.85,276018.4833,0.76
1125,125.44,474209.2,0.65
1126,131.0,258575.1333,0.28
1127,121.04,189270.5548,0.77
1128,104.68,244640,0.33
1129,117.03,241934.9695,0.52
1130,114.21,209314.1458,0.64
1131,122.01,425938.9433,0.68
1132,140.38,229416.75,0.67
1133,110.15,225023.125,0.77
1134,107.35,134873.6,0.64
1135,122.59,211035.6667,0.58
1136,95.07,186440,0.42
1137,98.85,186802,0.47
1138,123.31,287227.1667,0.61
1139,118.85,228737.5746,0.54
1140,137.59,271049.6429,0.37
1141,124.07,197954.6409,0.47
1142,119.49,221906.5537,0.54
1143,123.29,216762.7379,0.57
1144,117.05,207135.5496,0.57
1145,107.72,242784.9048,0.55
1146,136.19,274048,0.65
1147,105.84,167253.3333,0.55
1148,132.51,182842.4238,0.6
1149,126.04,234316.3218,0.56
1150,92.93,97846.5,0.69
1151,108.51,201579.3333,0.58
1152,116.01,219316.9417,0.52
1153,119.61,253501.7333,0.57
1154,146.33,227651,0.71
1155,98.44,169512.7,0.64
1156,101.32,161789.05,0.67
1157,121.74,212520,0.5
1158,109.6,383466.5839,0.35
1159,83.21,135560,0.18
1160,120.36,236739.4359,0.63
1161,128.61,360437.2032,0.7
1162,116.54,262096.3299,0.5
1163,122.38,199782.7506,0.49
1164,82.0,294867,0.64
1165,112.38,432809.0898,0.42
1166,109.07,401851.9726,0.44
1167,121.12,293833.5087,0.72
1168,107.68,197221.4,0.47
1169,97.29,249069.8989,0.4
1170,107.47,237413,0.42
1171,102.17,353529,0.33
1172,132.87,242000.1429,0.7
1173,115.68,245987,0.35
1174,114.96,241778.0909,0.71
1175,119.36,308529,0.7
1176,110.73,219962.5269,0.54
1177,107.4,401392,0.25
1178,112.14,186069.25,0.52
1179,106.59,230905.8612,0.34
1180,106.97,355529.5438,0.29
1181,115.81,230743.3787,0.55
1182,133.14,196774.1379,0.54
1183,108.86,209987,0.45
1184,130.07,241208.3125,0.73
1185,118.81,237060.2604,0.64
1186,103.97,270259.6692,0.3
1187,109.26,268535.6667,0.36
1188,114.08,165052.8041,0.42
1189,125.98,257085.6429,0.66
1190,124.01,408909.0714,0.78
1191,126.36,415651.1333,0.74
1192,139.43,269550.5808,0.48
1193,129.37,327123,0.59
1194,138.18,437320.0909,0.61
1195,144.39,367103.2222,0.71
1196,115.3,264507,0.4
1197,116.74,285121.0507,0.64
1198,76.82,167953.5,0.36
1199,119.22,173790.3571,0.6
1200,120.61,253087.2407,0.51
1201,106.77,260919.8333,0.36
1202,76.82,167953.5,0.36
1203,157.34,87861,0.53
1204,117.3,263461.0756,0.58
1205,127.54,278456.1481,0.73
1206,125.83,356079.5433,0.76
1207,125.99,428687,0.81
1208,126.01,221954.6239,0.56
1209,122.92,277758.4556,0.65
1210,114.11,262337.5417,0.64
1211,124.96,165441,0.61
1212,120.07,268512.227,0.43
1213,127.15,297876.2045,0.47
1214,106.87,267143.6704,0.77
1215,157.07,321897.4682,0.49
1216,108.9,342760,0.74
1217,117.85,384867,0.32
1218,111.23,210068,0.54
1219,121.52,227442.4524,0.61
1220,111.31,165715.1653,0.41
1221,87.22,167666.5,0.5
1222,123.93,256271,0.41
1223,129.65,318332.3661,0.56
1224,114.54,263404.2871,0.75
1225,122.03,351554.2917,0.77
1226,134.9,213857.0833,0.56
1227,121.31,240351.9703,0.54
1228,129.1,153123.6663,0.4
1229,94.96,216266.6,0.13
1230,131.09,219075.9683,0.49
1231,130.26,200371.9843,0.54
1232,117.35,261230.4163,0.63
1233,123.28,215821.4136,0.47
1234,116.81,256444.6667,0.5
1235,138.98,182581.5165,0.56
1236,127.02,589606,0.62
1237,111.31,496907,0.47
1238,109.91,227694.5,0.54
1239,105.07,263166.4545,0.49
1240,122.71,487343.875,0.21
1241,93.25,248621.8063,0.31
1242,96.07,297241.9648,0.33
1243,127.19,207880,0.61
1244,128.68,203296.1642,0.68
1245,127.99,462385,0.79
1246,114.27,337730,0.54
1247,144.56,68810.25,0.26
1248,102.62,295065.282,0.34
1249,130.76,271338.1818,0.43
1250,98.05,169897,0.8
1251,120.63,338680.95,0.66
1252,135.2,334095.9167,0.61
1253,134.69,402385.3333,0.61
1254,108.8,553537.9083,0.38
1255,98.1,142882.9259,0.66
1256,120.9,296927.1268,0.4
1257,97.35,234013.3333,0.41
1258,130.26,226683.3125,0.33
1259,103.98,324564.498,0.32
1260,101.17,337072.0607,0.3
1261,120.58,215735.5514,0.59
1262,115.86,220369.4,0.62
1263,112.53,309214.75,0.58
1264,125.95,352221.5203,0.34
1265,141.49,221948.4531,0.56
1266,141.05,219517.5,0.56
1267,84.91,185089.4,0.19
1268,129.82,247134.761,0.47
1269,100.46,304417.3578,0.33
1270,106.01,209333,0.48
1271,110.27,357172.4667,0.39
1272,104.98,251297.5128,0.35
1273,111.09,174959.8001,0.34
1274,85.61,275347,0.32
1275,129.45,136397.6154,0.44
1276,123.29,398366.0348,0.8
1277,130.59,285489.3619,0.68
1278,103.1,278056.3125,0.4
1279,134.12,206649.2855,0.59
1280,103.2,276813,0.86
1281,97.07,223609,0.8
1282,107.08,172400,0.94
1283,145.21,243393,0.64
1284,107.3,255859.3813,0.5
1285,129.99,842311,0.78
1286,130.08,144281.9444,0.5
1287,128.03,327985,0.65
1288,117.81,230414.1436,0.68
1289,124.58,259032.6717,0.48
1290,134.83,211103.8304,0.42
1291,124.36,247886.2907,0.49
1292,113.81,204568.9,0.52
1293,98.24,359716.7769,0.51
1294,106.85,258820.9051,0.49
1295,121.96,248434.875,0.61
1296,129.96,166653.4133,0.63
1297,128.01,525388,0.48
1298,135.75,351861.125,0.64
1299,142.02,449908.6,0.67
1300,144.99,454947,0.62
1301,115.03,298304.3333,0.63
1302,116.01,336451.8412,0.48
1303,90.11,182022.5,0.5
1304,137.79,184520.3722,0.57
1305,91.22,69813,0.67
1306,118.74,294550.984,0.51
1307,126.03,171917.3771,0.52
1308,132.68,206811.8313,0.49
1309,137.85,240378.0992,0.37
1310,130.97,212840.2857,0.6
1311,118.34,238063.0714,0.35
1312,82.98,183813,0.51
1313,116.97,191866.5,0.63
1314,135.19,378085,0.33
1315,127.91,274537.458,0.39
1316,135.46,246841.2778,0.45
1317,133.66,256247.1169,0.49
1318,147.67,239769.3965,0.39
1319,122.34,241015.7778,0.76
1320,142.8,311896.3333,0.48
1321,139.67,230914.1364,0.51
1322,174.23,191413,0.43
1323,106.2,197356.7642,0.46
1324,107.6,161828.1111,0.4
1325,97.3,239079.3333,0.46
1326,82.84,240257.8889,0.4
1327,101.03,201742,0.8
1328,122.56,371199.3095,0.65
1329,116.47,184699.9909,0.52
1330,121.52,200967.1923,0.55
1331,125.0,428160,0.58
1332,101.03,201742,0.8
1333,103.41,207376.2902,0.33
1334,114.69,252473.4267,0.7
1335,116.53,304260.2,0.57
1336,110.82,314364.6667,0.52
1337,125.25,253959.9118,0.43
1338,123.3,318464.9211,0.75
1339,126.73,243747.4878,0.41
1340,121.93,212626.6667,0.6
1341,120.93,200581.5519,0.64
1342,116.64,198570.5921,0.68
1343,109.27,306560,0.77
1344,113.99,310153,0.92
1345,126.5,352301,0.79
1346,139.94,265307,0.59
1347,106.0,456159.144,0.68
1348,130.03,360857.6667,0.44
1349,127.85,170250.3655,0.53
1350,104.16,227398.0089,0.41
1351,110.27,168501.56,0.55
1352,92.9,235851,0.31
1353,141.98,405960,0.21
1354,139.29,248105.5308,0.53
1355,88.14,123213.5,0.6
1356,133.16,217403.5224,0.69
1357,100.35,359262,0.52
1358,152.61,574693,0.64
1359,116.03,199441.2572,0.54
1360,170.0,361412,0.27
1361,163.18,221808,0.55
1362,130.07,174533.4556,0.65
1363,125.09,383979.0182,0.75
1364,98.05,169897,0.8
1365,129.67,393012.5,0.74
1366,145.44,352573,0.32
1367,113.13,262756.471,0.63
1368,142.06,246347.4423,0.62
1369,155.64,314892.4183,0.51
1370,143.26,197988.1286,0.37
1371,150.91,219376,0.6
1372,113.39,340869.2012,0.51
1373,138.5,207765,0.48
1374,116.84,248680,0.41
1375,136.92,217352.1667,0.53
1376,128.01,376540.1667,0.79
1377,125.7,271407.1929,0.47
1378,128.67,239316.5,0.58
1379,136.46,185973.3354,0.57
1380,120.16,155334.0821,0.38
1381,107.04,252020.9016,0.74
1382,127.08,153687.6764,0.38
1383,120.14,230008,0.46
1384,142.98,308233.659,0.54
1385,144.41,388067.3317,0.48
1386,124.02,193376,0.8
1387,108.11,278973.5464,0.76
1388,109.33,204761.6898,0.59
1389,118.02,201808.7935,0.57
1390,99.17,363362.3932,0.56
1391,103.78,315845.9167,0.31
1392,113.3,261007.574,0.33
1393,101.03,206893.3333,0.64
1394,119.94,230009.1152,0.54
1395,99.25,189485.4615,0.73
1396,117.37,213852.5,0.64
1397,102.67,459782.2014,0.24
1398,126.48,255069.5579,0.54
1399,128.15,312743.3033,0.69
1400,116.95,369705.1852,0.64
1401,73.89,146843,0.56
1402,103.77,235800,0.7
1403,105.03,346338.2936,0.47
1404,106.23,433818.6656,0.48
1405,93.56,201546.4817,0.49
1406,112.52,252126.1673,0.72
1407,186.7,282827,0.51
1408,122.04,277387.4437,0.74
1409,115.32,252371.9837,0.69
1410,120.51,1622000,0.47
1411,99.42,359358.0213,0.37
1412,98.83,405700.0487,0.29
1413,91.99,281034.6769,0.36
1414,124.51,440649.6447,0.35
1415,113.51,377210.6,0.32
1416,107.17,241093.6364,0.39
1417,91.67,246326.259,0.69
1418,90.21,312401.95,0.47
1419,118.71,215245.8309,0.52
1420,115.11,187546.5,0.73
1421,114.34,216595.3333,0.73
1422,116.6,156301.465,0.61
1423,129.11,164909.8696,0.59
1424,119.79,230247.3709,0.59
1425,131.18,171862.9958,0.4
1426,123.24,211098.525,0.38
1427,117.34,228852.7679,0.74
1428,124.27,280271.6774,0.68
1429,122.04,354043,0.76
1430,129.13,269771.0962,0.79
1431,109.52,141778,0.68
1432,98.5,269093,0.55
1433,106.35,217451.913,0.5
1434,127.39,151480,0.78
1435,86.57,259393.1667,0.15
1436,96.79,291457.0825,0.27
1437,97.65,357284.4171,0.36
1438,74.14,138840,0.46
1439,128.0,422082.3333,0.79
1440,93.5,733455.6667,0.6
1441,125.13,184200,0.59
1442,132.56,191242.5,0.62
1443,128.23,380569.35,0.8
1444,107.63,291549,0.49
1445,126.17,178468.22,0.63
1446,107.57,252484.7075,0.8
1447,117.94,208589,0.48
1448,120.32,262991.5846,0.5
1449,139.95,407987,0.56
1450,95.03,312521.5,0.28
1451,122.71,319883.4764,0.43
1452,125.8,277701.875,0.26
1453,115.21,213655.746,0.36
1454,119.24,223541.2863,0.5
1455,131.34,256435.4688,0.49
1456,125.68,218092.6429,0.5
1457,114.91,177907.625,0.69
1458,96.32,315078.2336,0.32
1459,105.8,350146.6481,0.5
1460,103.77,235800,0.7
1461,80.04,323520,0.45
1462,124.43,232599.875,0.35
1463,122.97,226998.8857,0.69
1464,108.22,207237.4375,0.51
1465,112.2,292391,0.53
1466,154.97,202774,0.77
1467,171.87,142265,0.83
1468,132.75,190760.2,0.72
1469,144.0,248700,0.59
1470,121.9,224309.7586,0.55
1471,116.67,225022.0469,0.59
1472,120.14,230008,0.46
1473,123.29,231781.5,0.56
1474,97.67,349680,0.73
1475,125.08,197549.4701,0.61
1476,119.62,233058.6813,0.54
1477,136.59,211423.75,0.45
1478,128.24,114747,0.7
1479,123.71,209704.6881,0.51
1480,97.9,230997,0.67
1481,113.12,337791.036,0.67
1482,119.87,225657.838,0.55
1483,124.97,203561.5411,0.69
1484,122.11,226015.3721,0.59
1485,95.94,226591,0.61
1486,124.87,221891.132,0.45
1487,115.24,266315.7778,0.61
1488,119.68,315880.7778,0.66
1489,121.72,240804.6785,0.53
1490,118.27,206862.375,0.59
1491,108.93,283453,0.58
1492,112.26,224153.25,0.57
1493,118.09,318405.9035,0.65
1494,129.71,199167.1623,0.5
1495,154.77,363391,0.25
1496,108.82,223504,0.56
1497,123.64,238750.2003,0.55
1498,124.24,240388.8206,0.6
1499,125.04,288707,0.66
1500,139.41,68773,0.35
1501,92.39,198068.6667,0.59
1502,102.0,187014.3333,0.67
1503,126.01,292327,0.51
1504,126.7,293503.6741,0.52
1505,158.78,219544.5,0.62
1506,107.5,272405.2,0.56
1507,124.58,271533.6533,0.54
1508,169.98,278920,0.36
1509,168.72,305024.5833,0.46
1510,109.81,214875.7778,0.66
1511,122.47,245653.4714,0.54
1512,122.26,265768.8329,0.53
1513,127.99,320505,0.78
1514,107.9,258353.4,0.52
1515,107.6,196486,0.58
1516,123.48,213560.5347,0.51
1517,107.14,254121.0133,0.63
1518,124.01,181565.0667,0.74
1519,120.36,399061.4567,0.48
1520,160.42,138413.3333,0.38
1521,126.93,332526.5885,0.43
1522,118.75,241457.7684,0.59
1523,144.34,320633.5,0.58
1524,149.65,204755.9803,0.47
1525,119.28,309130.7816,0.5
1526,69.5,128707,0.45
1527,117.67,229531.8077,0.61
1528,115.06,203589.4,0.44
1529,128.97,172618,0.48
1530,103.01,203324.3704,0.43
1531,123.43,223029.0333,0.48
1532,124.46,287667,0.3
1533,122.91,297429.2667,0.65
1534,150.13,438900,0.16
1535,104.62,188540,0.49
1536,107.99,134684.3333,0.44
1537,115.35,205123.2676,0.54
1538,118.8,191273.8333,0.82
1539,115.43,313253,0.52
1540,111.04,212684.125,0.47
1541,118.53,161935.8088,0.66
1542,129.38,243427.6008,0.5
1543,113.96,265358.6517,0.5
1544,130.0,266769,0.79
1545,127.39,151480,0.78
1546,111.11,188371,0.54
1547,106.17,182121.4444,0.26
1548,111.46,341306.4608,0.28
1549,114.47,160580.1042,0.47
1550,131.41,212695.2,0.56
1551,147.74,442867.2667,0.6
1552,127.92,203837.4,0.52
1553,113.18,202981.4544,0.59
1554,120.75,207255.6835,0.6
1555,128.01,241816,0.63
1556,118.01,238909.5418,0.55
1557,108.36,252950.25,0.58
1558,103.96,218689.4035,0.35
1559,94.04,232836.5253,0.32
1560,100.25,144335.25,0.4
1561,103.21,216131.5717,0.37
1562,113.45,293650.3571,0.23
1563,117.41,220046,0.56
1564,110.11,100907,0.4
1565,91.15,317560.6,0.36
1566,74.61,1120840,0.21
1567,132.07,153067,0.35
1568,110.38,242552.6786,0.33
1569,120.54,312910.3779,0.74
1570,80.0,302106,0.53
1571,124.29,253903.25,0.47
1572,124.29,253903.25,0.47
1573,102.68,194306,0.79
1574,134.19,622800,0.4
1575,119.63,462194.2615,0.45
1576,121.43,201456.8,0.53
1577,136.38,241827,0.54
1578,118.87,273776.8036,0.35
1579,104.22,193683.8866,0.37
1580,121.68,552720,0.3
1581,145.07,327282.2917,0.54
1582,87.25,234885.0068,0.31
1583,95.16,306358.2658,0.33
1584,99.98,193555,0.76
1585,100.23,319733.6667,0.63
1586,155.18,245836.75,0.39
1587,89.98,261040,0.37
1588,90.05,257333,0.51
1589,120.19,392030.3333,0.37
1590,108.82,223504,0.56
1591,103.57,241599.7222,0.36
1592,100.24,244333.9152,0.36
1593,108.82,223504,0.56
1594,105.07,236833.3189,0.36
1595,108.61,183342.3008,0.31
1596,125.24,380627.3037,0.79
1597,126.07,391845.4722,0.75
1598,100.79,210576.7027,0.36
1599,131.99,213906.2507,0.47
1600,119.61,183881.3333,0.43
1601,131.95,265763.6667,0.77
1602,114.92,284376.9091,0.73
1603,138.52,229151.1667,0.49
1604,138.97,278693,0.24
1605,104.19,214176,0.38
1606,108.08,258027,0.46
1607,111.3,264829.1667,0.51
1608,116.02,238143.5,0.68
1609,129.68,265535.6667,0.5
1610,136.99,269003.4167,0.43
1611,163.84,263644.3333,0.52
1612,130.26,266326.1975,0.55
1613,118.26,292996.3333,0.57
1614,135.3,227448.25,0.58
1615,139.06,252052.2864,0.47
1616,136.97,227375.5,0.47
1617,121.99,327967,0.65
1618,131.11,297664,0.58
1619,132.5,271394.6756,0.51
1620,135.16,252610.25,0.54
1621,118.13,328081.124,0.55
1622,121.85,296193.1942,0.56
1623,135.2,226236.9574,0.48
1624,104.47,134694.375,0.45
1625,147.47,195828.5833,0.49
1626,99.13,168525.631,0.66
1627,106.09,334135.2405,0.34
1628,115.05,316310.8057,0.39
1629,88.69,390179.1875,0.28
1630,85.88,527400,0.2
1631,101.45,384810.8,0.5
1632,115.02,707408,0.64
1633,138.97,278693,0.24
1634,139.0,220814.2083,0.68
1635,157.63,264682.2667,0.37
1636,115.16,258892.8333,0.52
1637,123.04,233028.4167,0.61
1638,174.39,235440,0.52
1639,174.39,235440,0.52
1640,136.57,277860.0333,0.39
1641,119.45,235019.2,0.5
1642,138.97,278693,0.24
1643,108.15,188527.1429,0.49
1644,136.31,223426.6,0.53
1645,118.29,193726.2551,0.41
1646,107.57,326968.2644,0.57
1647,112.26,310131.8333,0.58
1648,133.36,334461,0.6
1649,169.85,240838,0.35
1650,110.57,284649.53,0.58
1651,103.8,259985.7222,0.74
1652,97.93,282307,0.17
1653,114.38,293842.25,0.6
1654,146.28,243069.1833,0.47
1655,162.32,214350.75,0.5
1656,144.67,306493.1667,0.38
1657,110.9,664577.6667,0.33
1658,124.74,797991.8056,0.41
1659,155.71,221040.75,0.62
1660,130.97,291309.75,0.62
1661,118.27,320262.2,0.51
1662,126.17,257245.142,0.57
1663,114.97,250743.864,0.45
1664,126.0,442601.3333,0.68
1665,127.38,229425.3333,0.61
1666,85.36,377208.9167,0.29
1667,119.81,189222.2825,0.63
1668,122.89,428427,0.61
1669,106.58,247862,0.41
1670,119.7,239323.8768,0.67
1671,113.34,326006.3283,0.51
1672,107.78,190627.9167,0.48
1673,115.56,218038.3373,0.59
1674,106.17,249913.6477,0.7
1675,114.07,272926.1104,0.55
1676,118.8,175972.3077,0.64
1677,111.7,246208.9065,0.5
1678,86.19,237187,0.52
1679,118.53,309961.3926,0.59
1680,116.73,379645.4893,0.49
1681,112.51,341949.9234,0.47
1682,99.55,324090.8036,0.45
1683,110.64,315569.0747,0.58
1684,115.32,341690.8622,0.49
1685,113.79,300779.7005,0.53
1686,98.12,277001.0123,0.49
1687,137.77,395171.75,0.47
1688,88.04,288920,0.43
1689,116.32,241133.3828,0.54
1690,112.47,298388.918,0.59
1691,109.74,304571.1457,0.53
1692,109.11,267667.5512,0.56
1693,115.36,284276.0754,0.55
1694,105.43,269003.7455,0.73
1695,108.91,296797.6345,0.46
1696,113.34,337730.6117,0.51
1697,113.57,270812.0821,0.51
1698,107.31,222190.8308,0.58
1699,113.24,268148.8575,0.53
1700,113.52,138120,0.55
1701,107.13,181250.2222,0.6
1702,121.71,252991.8365,0.55
1703,117.76,216281.7572,0.57
1704,107.68,326835.7167,0.63
1705,175.85,170867,0.65
1706,70.72,278560,0.21
1707,86.64,243187,0.82
1708,106.32,190926.9701,0.46
1709,127.98,247933,0.72
1710,92.02,179233,0.64
1711,123.25,199622.6306,0.57
1712,175.85,170867,0.65
1713,120.1,191458.5913,0.58
1714,124.92,327570.2222,0.75
1715,113.39,188468.3458,0.63
1716,150.32,288270.4722,0.54
1717,143.35,689575.2,0.65
1718,134.18,342359.3333,0.72
1719,134.69,312595.75,0.65
1720,124.18,247047.3641,0.64
1721,117.77,224729.3583,0.64
1722,120.67,217833.0367,0.66
1723,126.94,266050.2839,0.69
1724,120.72,229895.5806,0.73
1725,101.01,121333,0.64
1726,111.91,266760,0.72
1727,127.91,217139,0.78
1728,95.98,223539.4792,0.47
1729,133.51,281655.87,0.77
1730,130.02,177225,0.57
1731,110.07,231801.3135,0.45
1732,116.7,183010.8,0.64
1733,130.36,240418.0429,0.62
1734,130.95,265189.625,0.48
1735,114.45,227032.5091,0.6
1736,87.51,381268,0.61
1737,147.32,240511.8,0.29
1738,144.03,215368.3333,0.58
1739,130.94,194210.3266,0.76
1740,117.48,215415.4595,0.52
1741,172.28,251240,0.73
1742,115.07,133539.7063,0.53
1743,159.02,220115.6667,0.65
1744,121.56,266884.1264,0.56
1745,132.27,165780,0.37
1746,79.38,252623.75,0.22
1747,120.72,162673.2222,0.47
1748,112.07,221254.0833,0.83
1749,71.1,321507,0.33
1750,146.45,172907,0.82
1751,126.93,179323.3056,0.72
1752,125.49,221021.1981,0.5
1753,112.62,508474.0278,0.26
1754,119.52,233390.6335,0.6
1755,108.9,342760,0.74
1756,96.54,241825.298,0.7
1757,122.3,171198.4969,0.57
1758,95.41,205120,0.45
1759,99.06,121600,0.34
1760,88.07,201771,0.37
1761,104.4,197312.3167,0.57
1762,116.6,542569.1714,0.65
1763,72.5,237133,0.52
1764,134.02,220236,0.67
1765,95.14,260570.4286,0.31
1766,68.91,135913.5,0.38
1767,121.5,282022.069,0.71
1768,128.98,226897.75,0.67
1769,128.91,199027,0.66
1770,149.13,246538,0.5
1771,113.09,259620.5822,0.61
1772,118.0,237821.5464,0.58
1773,132.34,209793,0.73
1774,101.33,461817.8333,0.5
1775,120.85,373821.1723,0.37
1776,125.5,196793.1833,0.64
1777,127.84,226342.9614,0.57
1778,137.68,227937.6833,0.49
1779,103.95,265105.6496,0.44
1780,118.32,233059.8889,0.84
1781,117.19,197634.8025,0.57
1782,108.46,261546.6,0.51
1783,101.77,335759.5384,0.31
1784,122.19,246481.7039,0.68
1785,117.68,254040.465,0.71
1786,122.88,254280.8794,0.62
1787,103.48,374112.3882,0.36
1788,128.31,247684.9235,0.59
1789,120.25,315101.2331,0.5
1790,115.03,223886.4318,0.47
1791,115.92,242053.25,0.76
1792,114.87,270395.7639,0.74
1793,126.04,467727.8,0.74
1794,114.13,261267.7879,0.63
1795,120.39,273045.0812,0.52
1796,121.63,235582.3209,0.63
1797,122.87,261235.924,0.61
1798,127.52,244973.5,0.7
1799,123.93,208647.7745,0.44
1800,127.2,214496.5128,0.5
1801,124.52,380285.9863,0.76
1802,128.01,230210.9575,0.64
1803,124.4,309344.5796,0.5
1804,82.61,238493.6667,0.54
1805,96.99,192760,0.8
1806,101.05,219600.4,0.78
1807,125.01,491816,0.81
1808,96.3,182860,0.27
1809,111.34,225165.344,0.49
1810,120.43,230332.8333,0.58
1811,66.42,202187,0.06
1812,105.03,331464.0289,0.48
1813,128.5,105597.5,0.43
1814,127.99,156897,0.74
1815,90.91,273653,0.39
1816,121.46,232898.9008,0.7
1817,114.99,152325.3358,0.45
1818,106.22,278375,0.66
1819,81.19,340893,0.15
1820,122.36,259628.6667,0.47
1821,114.23,270616.4403,0.3
1822,120.97,236117.118,0.56
1823,135.28,296266.325,0.55
1824,116.0,352670,0.77
1825,105.45,193773,0.34
1826,122.92,308935.8778,0.46
1827,122.37,339723.803,0.58
1828,93.52,146800,0.58
1829,123.01,243853.6278,0.49
1830,105.07,175770.8098,0.67
1831,115.53,143302.8688,0.71
1832,132.09,137590.5,0.54
1833,113.94,226681.4407,0.48
1834,83.19,162371,0.76
1835,115.92,207588.0404,0.48
1836,108.12,213000,0.7
1837,111.08,168902.3333,0.7
1838,116.78,206794.8609,0.62
1839,125.91,314140,0.39
1840,103.44,295607.7917,0.49
1841,117.12,318438.5,0.34
1842,113.92,198159.9975,0.48
1843,110.93,237736.6667,0.65
1844,114.0,220251.0796,0.76
1845,94.09,176346.9556,0.47
1846,132.06,267307,0.22
1847,121.84,210694.8,0.49
1848,125.0,364800,0.78
1849,117.23,256685.4896,0.45
1850,117.23,290457,0.35
1851,121.88,238214.0631,0.53
1852,90.92,206592,0.42
1853,93.5,733455.6667,0.6
1854,92.43,249160,0.64
1855,115.05,183931.6667,0.54
1856,210.53,232333,0.43
1857,114.38,374426.5833,0.66
1858,137.19,125969,0.34
1859,117.62,186394.6,0.66
1860,138.34,247023,0.53
1861,114.44,318207.95,0.61
1862,95.38,456377.5333,0.33
1863,115.43,201470.0914,0.59
1864,118.28,271037.5,0.72
1865,116.66,346959.7527,0.57
1866,124.55,248480.3619,0.52
1867,125.25,274294.2515,0.55
1868,103.57,206491.8851,0.67
1869,125.74,248846.6667,0.59
1870,173.95,235033.5,0.39
1871,123.43,237145.8333,0.56
1872,104.87,165199,0.6
1873,97.85,227840.1994,0.44
1874,117.75,182192.975,0.52
1875,126.96,204666.426,0.54
1876,119.84,255181.7687,0.64
1877,151.33,165227,0.69
1878,108.17,247551.3333,0.38
1879,116.58,317310.9444,0.64
1880,124.97,190550,0.66
1881,107.45,258265.6667,0.54
1882,127.2,169435.6667,0.35
1883,139.95,59560,0.28
1884,127.86,300073.5,0.48
1885,114.75,228890.7333,0.49
1886,129.38,356613.2,0.74
1887,116.56,250967.9351,0.42
1888,131.08,247063.7188,0.42
1889,102.78,376303.8072,0.27
1890,130.72,205609.9697,0.49
1891,119.79,253766.4446,0.49
1892,121.35,239190.2963,0.74
1893,127.34,214538.6354,0.68
1894,115.28,312227,0.44
1895,120.79,243000.8994,0.55
1896,116.45,269545.6597,0.36
1897,111.99,219180.1944,0.5
1898,138.43,657419.9831,0.46
1899,129.92,235066.4444,0.41
1900,125.94,264145.6296,0.49
1901,128.55,188309.5942,0.39
1902,130.51,333878.6053,0.39
1903,128.24,228455.5871,0.41
1904,127.33,211185.2711,0.72
1905,123.91,377394.0909,0.71
1906,133.44,264969.3549,0.35
1907,128.0,427270,0.81
1908,126.23,160795.7102,0.77
1909,124.41,208424,0.55
1910,119.64,195242.0325,0.59
1911,128.41,257374.9361,0.79
1912,120.35,228155.8526,0.59
1913,107.47,174623.3535,0.65
1914,135.17,259371.4441,0.67
1915,150.29,258417.4206,0.62
1916,122.79,167818.3029,0.53
1917,117.65,228711.1667,0.32
1918,125.42,276030.3087,0.39
1919,160.0,385232,0.5
1920,102.58,218954.8,0.14
1921,74.81,164522,0.43
1922,130.06,309967.3291,0.41
1923,121.09,260052.1364,0.39
1924,128.49,232483.6783,0.42
1925,136.46,215675,0.36
1926,125.19,239183.7615,0.58
1927,136.1,261648.4642,0.49
1928,92.74,180363.4706,0.48
1929,130.03,36965,0.47
1930,109.84,250777.6615,0.73
1931,128.1,262177.4778,0.64
1932,129.63,263333,0.18
1933,127.65,236850.3292,0.64
1934,172.05,207787,0.49
1935,134.12,260543.5729,0.57
1936,122.72,168385.4789,0.53
1937,125.99,430476,0.8
1938,128.0,431484,0.78
1939,117.13,149492.7143,0.52
1940,129.57,266681.5649,0.84
1941,126.02,212754.0591,0.72
1942,80.02,264000,0.58
1943,100.62,215227,0.53
1944,109.77,297237.5,0.53
1945,124.63,329296.9265,0.6
1946,105.44,411973.3,0.28
1947,89.16,178091.6475,0.2
1948,79.38,252623.75,0.22
1949,113.3,246989.7438,0.52
1950,122.14,219587.4768,0.47
1951,111.24,148600.0909,0.54
1952,118.97,245800.4167,0.65
1953,131.77,215676.5,0.42
1954,64.98,151211.5,0.36
1955,112.94,186519.3276,0.6
1956,129.26,432923.75,0.66
1957,170.01,302134,0.39
1958,126.29,486067.6,0.76
1959,124.7,569089.637,0.77
1960,125.27,377195.5821,0.71
1961,137.05,271776.68,0.59
1962,99.63,363147.1217,0.3
1963,141.53,284057.5325,0.52
1964,126.01,273194,0.6
1965,162.76,154671.8,0.27
1966,119.29,323421.6231,0.71
1967,112.76,204383.1403,0.78
1968,107.81,286941.86,0.7
1969,133.85,277144.8,0.6
1970,105.76,277078.2857,0.32
1971,147.05,202560,0.49
1972,149.73,198783.6944,0.44
1973,112.11,164516.9259,0.6
1974,121.03,224749.0567,0.56
1975,122.01,577202.5556,0.46
1976,122.6,291035.7677,0.55
1977,121.59,254676.6916,0.54
1978,113.52,355352.2004,0.67
1979,104.24,328722.3333,0.34
1980,125.26,213247.8307,0.57
1981,134.19,241250.6865,0.52
1982,125.37,259617.0703,0.58
1983,116.83,297539.6201,0.65
1984,125.12,246718.0326,0.51
1985,115.69,218773.4571,0.64
1986,92.52,439054.9658,0.51
1987,135.87,272079.8889,0.55
1988,153.39,255586.25,0.49
1989,83.84,366632.6632,0.19
1990,138.87,190282.1173,0.49
1991,136.25,328653.3333,0.72
1992,123.25,231258.2892,0.71
1993,124.25,252433.0962,0.54
1994,117.08,285386.3024,0.62
1995,130.91,190381.1182,0.52
1996,115.82,276444.8266,0.54
1997,108.3,315259.5417,0.26
1998,121.65,343260.1667,0.54
1999,166.63,198858,0.43
2000,133.99,350633.5,0.65
2001,124.6,401520,0.81
2002,129.3,190770.1595,0.75
2003,89.91,233777.6133,0.49
2004,153.38,156030.2727,0.7
2005,153.38,156030.2727,0.7
2006,99.78,228581,0.51
2007,104.38,257325.9444,0.58
2008,107.14,301177.0747,0.37
2009,132.47,256135.3452,0.62
2010,157.59,561262.5,0.32
2011,108.7,270966.75,0.62
2012,109.08,227326.5,0.57
2013,94.92,328713.072,0.64
2014,117.39,229857.5152,0.6
2015,112.07,195315.0349,0.42
2016,110.9,174629.3483,0.49
2017,118.52,213242.7372,0.56
2018,138.06,263283,0.71
2019,132.93,274020.2361,0.78
2020,96.43,116003.7583,0.55
2021,111.55,234498.1,0.67
2022,139.81,216927.9828,0.56
2023,119.35,253802.3636,0.66
2024,116.39,281995.7111,0.56
2025,110.15,225023.125,0.77
2026,132.03,1744153.308,0.72
2027,98.52,157492.5,0.52
2028,134.66,255910.3077,0.51
2029,98.5,269093,0.55
2030,104.66,193325.6667,0.79
2031,120.14,230008,0.46
2032,131.56,223467,0.62
2033,115.69,196542.1465,0.71
2034,139.06,265815.25,0.56
2035,97.18,138966,0.69
2036,114.73,287159,0.78
2037,107.0,70772,0.42
2038,124.52,223286.5833,0.66
2039,107.35,212076.0452,0.63
2040,127.19,208480,0.66
2041,120.23,210845.0054,0.57
2042,119.21,208121.075,0.5
2043,143.67,298933,0.72
2044,112.1,141563.754,0.49
2045,126.65,215813.5,0.61
2046,129.37,327123,0.59
2047,157.22,200673,0.45
2048,123.07,237494.0323,0.69
2049,125.28,175021.1303,0.54
2050,137.23,185966.75,0.68
2051,108.57,157255.5833,0.72
2052,119.16,127637.6667,0.59
2053,130.67,202862.1667,0.5
2054,115.14,227316.5843,0.61
2055,126.7,364747,0.7
2056,120.14,230008,0.46
2057,101.81,167217.8293,0.5
2058,94.0,324933,0.56
2059,119.21,169155.25,0.66
2060,126.07,269541.6304,0.38
2061,109.74,374153.5,0.36
2062,134.75,45004,0.78
2063,120.51,1622000,0.47
2064,160.06,165000,0.76
2065,102.36,165905.2955,0.48
2066,131.99,184246,0.64
2067,104.78,99990.08333,0.66
2068,105.94,392161.25,0.59
2069,199.53,218965,0.28
2070,119.76,245993.75,0.48
2071,112.74,182360,0.52
2072,112.83,213887.4838,0.76
2073,131.15,220604.3333,0.55
2074,123.11,245486.0463,0.49
2075,116.15,167316.9156,0.54
2076,111.95,224528.1867,0.4
2077,114.77,201877.8233,0.6
2078,92.17,246750.0725,0.28
2079,171.6,123293,0.29
2080,133.27,119807.1688,0.46
2081,143.63,454760.3333,0.62
2082,125.13,186057.7321,0.57
2083,127.8,316176.7391,0.38
2084,106.06,237271,0.56
2085,118.23,158640,0.57
2086,121.72,233812.6716,0.55
2087,110.82,283267.303,0.66
2088,115.43,265769.0814,0.65
2089,110.54,247544.9835,0.41
2090,112.64,449255,0.17
2091,123.99,819510,0.7
2092,99.52,169333,0.35
2093,113.97,404170.753,0.35
2094,116.86,262630.755,0.54
2095,149.6,237904.0833,0.56
2096,119.85,239564.8606,0.68
2097,129.07,255368.9315,0.59
2098,135.23,259403.4924,0.43
2099,155.91,237987.5,0.51
2100,100.99,204706.5,0.65
2101,109.82,202549.5671,0.39
2102,107.19,291114.5423,0.32
2103,94.01,287354.9167,0.27
2104,136.48,226525.2211,0.54
2105,82.91,198155,0.61
2106,82.91,198155,0.61
2107,109.5,250513.4167,0.67
2108,109.48,256360.4507,0.5
2109,123.75,342388.8667,0.54
2110,129.53,272915.3,0.65
2111,159.51,287481.7857,0.56
2112,112.41,269917.1241,0.39
2113,117.21,267842.4644,0.43
2114,121.42,241305.0872,0.54
2115,124.13,277154.7778,0.78
2116,98.04,202621.953,0.6
2117,141.28,227161.5,0.57
2118,120.79,196954,0.49
2119,127.17,301846.5,0.42
2120,119.12,306017.5743,0.72
2121,101.23,259677,0.27
2122,116.07,286032.3539,0.68
2123,149.13,205106.9353,0.37
2124,131.45,229385.1613,0.48
2125,150.6,260281.7829,0.34
2126,113.97,264518.8522,0.74
2127,118.17,208167.6537,0.59
2128,114.63,204266.5379,0.59
2129,112.52,264101.5898,0.64
2130,101.94,209919.6667,0.69
2131,128.01,225282.4376,0.58
2132,132.84,275683.287,0.74
2133,130.86,254218.9699,0.6
2134,123.58,259559.1186,0.62
2135,79.89,442633,0.56
2136,125.45,252931.9286,0.59
2137,97.97,278967,0.33
2138,121.48,253328.2415,0.61
2139,122.14,260888.0605,0.46
2140,110.57,275391,0.33
2141,153.59,177616.9167,0.79
2142,139.51,640000,0.15
2143,79.94,189160,0.5
2144,152.99,203953.5833,0.55
2145,135.69,214198.4815,0.66
2146,170.73,174010.5,0.61
2147,94.64,292516.3333,0.57
2148,123.88,284271.7772,0.61
2149,140.32,243755.3214,0.51
2150,120.47,244074.0741,0.47
2151,123.63,207016.0594,0.62
2152,130.34,273732.3993,0.53
2153,123.82,250145.9433,0.47
2154,136.45,203331.1667,0.41
2155,120.26,220776.8104,0.44
2156,101.31,212493.3571,0.34
2157,97.63,412007.5044,0.25
2158,108.99,369022.3333,0.43
2159,138.96,276703.375,0.35
2160,120.03,243673.3333,0.81
2161,121.28,686040,0.25
2162,127.68,371003.75,0.53
2163,125.71,250100.4,0.45
2164,110.83,184790,0.51
2165,163.95,249258.6667,0.45
2166,127.04,201424.5167,0.69
2167,114.89,197647.4501,0.73
2168,110.52,258320,0.44
2169,112.99,256344.509,0.72
2170,128.19,263924.7647,0.52
2171,121.64,271304.5714,0.38
2172,123.96,258749.8196,0.52
2173,98.37,206100,0.7
2174,179.58,198067,0.14
2175,140.22,206223.0909,0.52
2176,152.68,188200.7525,0.39
2177,123.82,186203.0483,0.58
2178,109.6,110291,0.57
2179,119.12,355458.0694,0.17
2180,87.62,95987,0.33
2181,105.32,307798.75,0.38
2182,92.93,272906.7679,0.4
2183,141.61,388806.75,0.18
2184,82.98,461760,0.33
2185,127.5,224320,0.71
2186,136.04,191433.7238,0.62
2187,114.24,352132.7089,0.4
2188,119.71,387269.3,0.18
2189,122.28,230253.5792,0.6
2190,153.38,211213.3333,0.53
2191,160.22,256213.3333,0.32
2192,160.22,256213.3333,0.32
2193,110.25,226280,0.59
2194,125.0,722221.5,0.7
2195,130.92,295160,0.51
2196,120.34,223824.6154,0.75
2197,121.11,207901.8421,0.46
2198,120.14,216482.277,0.6
2199,107.48,232313.5,0.7
2200,123.31,182169.3895,0.61
2201,118.59,338127.7489,0.7
2202,123.74,257806.4646,0.46
2203,116.22,328613.3334,0.68
2204,124.92,243909.2475,0.48
2205,124.6,318054.1563,0.7
2206,124.53,226131.8588,0.7
2207,135.1,195901.5397,0.53
2208,91.18,250146.5,0.63
2209,117.46,221601.5329,0.56
2210,121.12,207830.1481,0.56
2211,139.49,325400,0.44
2212,122.19,244295.8333,0.63
2213,200.03,169242,0.67
2214,125.78,203485.8619,0.68
2215,122.64,181123.95,0.46
2216,124.97,126882.5833,0.63
2217,134.62,233801.8411,0.38
2218,122.46,310451.5,0.57
2219,135.42,250140.6637,0.31
2220,136.68,254393,0.74
2221,120.81,197563.9722,0.58
2222,119.34,219495.4839,0.72
2223,124.1,172643.5424,0.37
2224,102.65,236943.8667,0.89
2225,134.78,230864,0.51
2226,130.89,226882.2163,0.61
2227,123.07,262225.25,0.69
2228,112.58,234266.4,0.58
2229,108.52,234669.9872,0.7
2230,108.72,198660.0684,0.59
2231,178.07,164597,0.51
2232,135.51,221595.6667,0.6
2233,112.34,176007.1667,0.29
2234,129.0,222435.1184,0.74
2235,124.52,169400.2273,0.6
2236,144.88,186521.6068,0.36
2237,139.11,332639.7911,0.42
2238,125.71,218117.6667,0.51
2239,120.35,187710.9818,0.57
2240,129.39,221000,0.79
2241,116.53,223148.2166,0.76
2242,136.51,243072.75,0.65
2243,111.31,288148.1696,0.82
2244,101.99,202160,0.84
2245,125.89,276023.1768,0.34
2246,119.28,241954.5,0.69
2247,149.04,150169.2,0.28
2248,125.52,193676.0868,0.54
2249,78.93,163840,0.5
2250,128.14,193465.0231,0.49
2251,99.2,198610.6111,0.55
2252,127.8,164596.12,0.48
2253,117.94,193587.9333,0.57
2254,102.92,279229.4196,0.3
2255,103.63,232268.4778,0.33
2256,111.87,353146.4876,0.38
2257,114.3,241315.5979,0.32
2258,106.16,253815.101,0.36
2259,124.88,256602.0941,0.49
2260,111.67,595761,0.27
2261,103.18,350472.5733,0.29
2262,102.31,344843.6591,0.3
2263,126.28,392072,0.59
2264,125.01,459365.5,0.82
2265,124.12,398058.1496,0.74
2266,140.18,197574.1392,0.38
2267,80.37,181547,0.2
2268,89.64,241458.6,0.46
2269,97.27,173379.2,0.78
2270,137.69,166110.899,0.57
2271,135.28,223000,0.15
2272,123.51,220536.6877,0.56
2273,110.8,220293,0.67
2274,107.66,210484.4748,0.68
2275,94.7,354063.4286,0.49
2276,115.78,211578.9359,0.7
2277,113.72,220440.6963,0.59
2278,119.9,203596.8884,0.49
2279,115.44,287431.6667,0.51
2280,86.23,121246.5,0.14
2281,123.31,240845.4823,0.56
2282,124.25,334738.7401,0.69
2283,102.72,381222.1373,0.21
2284,111.11,206687.186,0.62
2285,211.97,189653,0.64
2286,147.61,203331.5667,0.41
2287,119.08,255217.649,0.53
2288,96.62,165932.8333,0.66
2289,107.72,206250.2,0.46
2290,114.79,243540.5549,0.6
2291,148.96,228869.14,0.41
2292,117.47,248218.9227,0.75
2293,103.87,246263.25,0.32
2294,115.57,279237.8144,0.39
2295,131.09,201395.5635,0.5
2296,98.24,196692.9167,0.57
2297,127.91,184421.2,0.77
2298,79.76,169662,0.48
2299,123.61,243567.0196,0.52
2300,114.58,258313.6333,0.68
2301,127.98,528750,0.56
2302,121.16,293860.119,0.69
2303,107.66,277892.1111,0.54
2304,125.0,318765.1667,0.62
2305,110.52,211278,0.75
2306,131.63,262684.1875,0.59
2307,100.51,268773.5,0.56
2308,129.1,220539.0105,0.5
2309,107.87,266692.2395,0.75
2310,116.23,270742.0719,0.6
2311,128.95,197792.9469,0.78
2312,94.98,118894,0.6
2313,115.96,216944.2066,0.61
2314,134.77,209480.34,0.51
2315,125.37,214478.2045,0.47
2316,125.69,226642.54,0.52
2317,145.44,352573,0.32
2318,111.31,219851.8412,0.61
2319,120.31,216075.5556,0.72
2320,142.09,307795,0.6
2321,159.97,279927,0.52
2322,144.71,243801.625,0.38
2323,120.94,194802.3333,0.59
2324,139.12,274671.6825,0.61
2325,130.3,264492.0171,0.5
2326,142.47,129062.3333,0.56
2327,104.48,219701.1667,0.67
2328,112.55,241923.2222,0.63
2329,115.46,215312.4444,0.57
2330,137.77,244590.6069,0.63
2331,111.22,280192.8667,0.72
2332,129.76,220269.5446,0.53
2333,132.54,444507,0.62
2334,95.35,169770.2523,0.64
2335,123.29,204737.6667,0.69
2336,112.07,289133.3333,0.47
2337,120.19,239100,0.65
2338,92.14,257377.9536,0.31
2339,93.52,330066.7964,0.37
2340,110.8,581242.6,0.16
2341,99.37,235333,0.46
2342,98.25,147781,0.66
2343,120.19,239100,0.65
2344,124.56,366837,0.8
2345,103.21,258141.792,0.69
2346,114.1,163000.997,0.6
2347,133.1,263178,0.67
2348,114.93,234157.5671,0.73
2349,86.8,175675.7232,0.17
2350,109.48,217485.5278,0.67
2351,119.64,220740.3966,0.63
2352,126.14,328066.6667,0.49
2353,105.95,221766.6875,0.59
2354,130.32,233306.8333,0.47
2355,123.49,224264.4347,0.65
2356,127.39,223824.431,0.6
2357,95.0,156198,0.58
2358,134.31,217628.6615,0.52
2359,125.53,221120.25,0.63
2360,131.22,148702.3333,0.45
2361,129.73,245388.6121,0.7
2362,144.81,201608.375,0.65
2363,98.19,224755,0.53
2364,112.03,256349.75,0.68
2365,132.23,215632.4112,0.51
2366,111.24,223533,0.66
2367,118.47,235019.8656,0.65
2368,119.14,237035.1145,0.71
2369,116.79,224879.2444,0.65
2370,122.93,238467.1801,0.55
2371,131.88,265040,0.57
2372,113.4,210266.7814,0.51
2373,110.48,230753.069,0.6
2374,171.75,282933,0.57
2375,126.6,292420.4286,0.64
2376,122.18,191140.8891,0.41
2377,137.75,267025.2381,0.63
2378,108.77,279083.2437,0.76
2379,118.44,239488.1878,0.35
2380,114.66,348627.6667,0.7
2381,81.51,293067,0.46
2382,130.94,215039.5833,0.66
2383,118.83,332440.0566,0.65
2384,96.14,230462.9121,0.52
2385,111.5,214878.8106,0.55
2386,73.0,219707,0.22
2387,146.88,165000,0.62
2388,105.11,186907,0.56
2389,135.76,364453,0.35
2390,115.43,329304.2953,0.7
2391,117.51,348006.463,0.73
2392,128.87,327164.3333,0.4
2393,126.86,233592.9181,0.48
2394,125.91,224592.2952,0.41
2395,127.37,392598.45,0.45
2396,115.1,262936.1636,0.55
2397,142.72,259991,0.43
2398,125.95,237785.5667,0.5
2399,118.27,240576.3749,0.59
2400,113.99,344600.2868,0.43
2401,99.28,274881.6014,0.32
2402,134.22,240688.9147,0.48
2403,120.42,214773.4977,0.62
2404,123.53,288240,0.61
2405,128.05,297750.8216,0.37
2406,131.76,211547.9254,0.5
2407,121.64,317765.5833,0.32
2408,145.57,179656.0548,0.41
2409,147.88,65320.2,0.18
2410,123.07,303812.0472,0.47
2411,114.2,178517.4111,0.65
2412,109.22,275656.85,0.56
2413,128.12,160179.9959,0.72
2414,95.02,288261,0.6
2415,130.45,341254.3333,0.4
2416,75.2,488893,0.1
2417,125.55,232374.33,0.54
2418,126.34,457937,0.64
2419,102.72,532542,0.34
2420,152.28,210532,0.32
2421,131.07,264697.6667,0.33
2422,127.21,251957.1203,0.62
2423,115.11,336409.269,0.33
2424,129.36,235456.2119,0.57
2425,121.68,263519.2333,0.58
2426,126.83,361857.0353,0.37
2427,126.01,273194,0.6
2428,130.76,243390.7588,0.45
2429,101.8,716347,0.22
2430,139.33,427816.2961,0.67
2431,121.97,351373.0663,0.41
2432,111.43,318110,0.3
2433,131.26,181937.0385,0.52
2434,125.29,471144.9275,0.7
2435,133.68,207716.5508,0.47
2436,99.19,357227,0.89
2437,125.79,278349.7393,0.67
2438,130.76,206471.4933,0.48
2439,105.92,145031,0.43
2440,107.76,212004.3944,0.5
2441,133.97,325910,0.86
2442,106.01,209333,0.48
2443,127.96,318914.0023,0.43
2444,107.52,288388.3,0.39
2445,116.11,262479.9536,0.43
2446,132.24,213298.2037,0.52
2447,106.18,226813.5127,0.62
2448,116.66,243515.4471,0.59
2449,123.13,362853.75,0.6
2450,123.72,241325.6222,0.48
2451,114.01,264345.4573,0.56
2452,134.03,376353.5267,0.64
2453,81.61,512707.125,0.3
2454,142.26,189105.7423,0.46
2455,132.72,243573.6844,0.52
2456,110.35,210966.1126,0.65
2457,115.25,243572.0733,0.59
2458,130.26,302678.3194,0.59
2459,145.72,289422.0273,0.66
2460,135.01,277984.8333,0.68
2461,133.64,186406.1931,0.44
2462,133.63,176346.7332,0.41
2463,130.66,211709.4452,0.48
2464,120.14,230008,0.46
2465,103.27,163687,0.48
2466,172.05,207787,0.49
2467,124.28,160631.6842,0.3
2468,114.73,287159,0.78
2469,114.73,287159,0.78
2470,110.12,262666.75,0.39
2471,134.77,585813,0.5
2472,85.76,185347,0.18
2473,101.29,251493,0.26
2474,133.79,286704.2222,0.32
2475,113.15,251033.6036,0.72
2476,122.02,216511.1079,0.64
2477,128.37,190701.8083,0.56
2478,116.91,284122.5426,0.64
2479,111.11,188371,0.54
2480,116.86,255208.2717,0.66
2481,149.16,211210.9048,0.62
2482,98.19,202844.6803,0.45
2483,109.53,312982.3081,0.26
2484,128.76,202302.0893,0.59
2485,111.99,285893,0.58
2486,125.44,204271.6277,0.6
2487,116.42,244937.5289,0.73
2488,94.28,225116.85,0.81
2489,102.97,191577.3333,0.73
2490,117.04,292281.4955,0.71
2491,120.39,196442.25,0.7
2492,128.87,261284.4615,0.63
2493,104.66,252672,0.75
2494,137.99,320014,0.51
2495,139.99,188463,0.58
2496,105.79,225499.619,0.75
2497,109.11,227209.0184,0.76
2498,106.17,168760,0.57
2499,121.85,237545.0645,0.51
2500,118.41,227804.6667,0.44
2501,122.96,230278.1491,0.53
2502,90.02,192229,0.77
2503,95.21,231575.3611,0.75
2504,117.56,274306.515,0.57
2505,131.46,301796.4748,0.62
2506,108.12,213000,0.7
2507,143.81,267374.2187,0.5
2508,116.82,508563.6667,0.67
2509,102.89,428318.4397,0.6
2510,108.44,269622.4531,0.3
2511,115.33,259625.3111,0.54
2512,116.43,194162.2524,0.54
2513,82.55,82920,0.5
2514,121.9,235323.4487,0.54
2515,124.19,221661.7029,0.63
2516,118.75,231105.0142,0.75
2517,95.0,234315.6667,0.8
2518,119.93,294215.1905,0.69
2519,120.5,244761.5565,0.7
2520,111.99,285893,0.58
2521,110.52,211278,0.75
2522,122.97,245862.4528,0.7
2523,118.3,266165.8697,0.74
2524,134.87,225901.8955,0.72
2525,121.4,256127,0.56
2526,123.13,255598.5994,0.72
2527,127.76,203522.8545,0.68
2528,124.92,136530.7381,0.53
2529,141.99,332971,0.6
2530,95.23,178527.2857,0.34
2531,115.26,235623,0.72
2532,109.17,238661.9545,0.54
2533,120.47,262942.2286,0.7
2534,135.0,460225,0.78
2535,117.99,224108.1667,0.6
2536,128.65,191155.4921,0.62
2537,122.54,170506.369,0.57
2538,153.1,170572,0.4
2539,117.4,195682,0.67
2540,80.96,505637,0.07
2541,135.15,371388.1667,0.49
2542,137.91,179485.5403,0.45
2543,190.98,191052.5,0.7
2544,126.02,430576,0.8
2545,139.91,205766,0.66
2546,114.7,357526.8,0.77
2547,124.71,249724.2572,0.5
2548,157.94,204920,0.38
2549,128.67,239316.5,0.58
2550,99.24,224938,0.55
2551,135.53,202969.125,0.56
2552,122.46,253216.6667,0.52
2553,120.14,230008,0.46
2554,139.94,265307,0.59
2555,122.38,351487.3259,0.48
2556,132.09,279997.4678,0.53
2557,120.27,255521.8356,0.61
2558,131.88,265040,0.57
2559,116.31,220894.125,0.56
2560,134.61,309733.1936,0.5
2561,113.26,255223.1379,0.55
2562,123.45,278252.7083,0.51
2563,85.7,174689,0.7
2564,125.52,291927.1818,0.42
2565,112.47,195117.7264,0.75
2566,124.76,259399.7628,0.5
2567,147.69,165998,0.56
2568,121.49,165478.995,0.55
2569,123.53,166248.6263,0.54
2570,112.22,144055.9444,0.48
2571,100.75,149286.5,0.69
2572,101.34,347419.2842,0.32
2573,122.89,3478337.5,0.82
2574,103.87,246263.25,0.32
2575,133.03,199882.5,0.75
2576,117.47,236763.4164,0.48
2577,114.88,194399.9638,0.54
2578,130.97,333644,0.63
2579,117.3,231785.1989,0.53
2580,116.92,232949.5726,0.75
2581,123.31,249849.0475,0.55
2582,122.88,278851.0521,0.48
2583,104.36,198789.1551,0.3
2584,116.15,256105.4705,0.59
2585,133.03,512950,0.6
2586,146.86,328503.125,0.63
2587,99.11,290605.6667,0.45
2588,143.62,227060.25,0.61
2589,103.55,291367,0.65
2590,123.81,317408.12,0.38
2591,95.87,231219.7333,0.56
2592,122.83,224146.1667,0.23
2593,92.85,308514.1387,0.33
2594,134.98,370613,0.44
2595,130.06,284884.6667,0.7
2596,117.61,308455.8571,0.6
2597,174.04,245345,0.56
2598,128.79,178325.282,0.55
2599,121.09,183140.9783,0.45
2600,110.72,236949,0.51
2601,87.51,381268,0.61
2602,99.57,254049.3333,0.56
2603,117.78,120367,0.59
2604,148.6,202040,0.39
2605,101.58,441241.0759,0.36
2606,109.5,349255.1907,0.32
2607,103.35,291230.2354,0.58
2608,135.51,281179.44,0.62
2609,139.68,290200,0.41
2610,130.53,187077,0.47
2611,148.6,202040,0.39
2612,107.95,234178.0873,0.52
2613,102.46,329142.1954,0.3
2614,125.04,218495.3333,0.56
2615,126.03,415500,0.61
2616,105.02,371180.5,0.57
2617,132.66,145699.0673,0.49
2618,134.04,148907,0.76
2619,91.21,204693.5,0.27
2620,100.54,107840,0.41
2621,103.38,302828.4213,0.68
2622,115.97,224460.5189,0.45
2623,102.27,223829.6429,0.56
2624,118.11,170177.7579,0.71
2625,115.3,278070.3576,0.64
2626,105.23,293448.1004,0.72
2627,126.21,255381.3004,0.66
2628,160.94,285885.2,0.64
2629,130.94,283622.5,0.75
2630,109.58,287824.743,0.64
2631,122.41,275225.8718,0.62
2632,117.95,286778.7352,0.64
2633,114.83,259314.7036,0.6
2634,115.11,202454.2912,0.59
2635,101.3,221616.412,0.56
2636,160.31,238600,0.73
2637,117.73,258981.0667,0.54
2638,114.36,168106.3371,0.54
2639,110.7,205676.4677,0.57
2640,84.02,224947,0.7
2641,102.64,198202,0.48
2642,112.62,231038.3469,0.79
2643,115.3,239468.6,0.51
2644,97.68,213758.6111,0.61
2645,133.14,368851.2222,0.53
2646,102.37,336333,0.32
2647,108.59,200177.3333,0.55
2648,92.23,361092,0.24
2649,121.64,185485.1111,0.83
2650,168.01,212787,0.7
2651,125.26,224415.0355,0.63
2652,114.5,242665.8714,0.5
2653,127.9,218073.5,0.31
2654,81.34,146853,0.34
2655,131.6,408989,0.64
2656,115.8,223785.2279,0.33
2657,125.11,228153,0.59
2658,121.51,265698.25,0.62
2659,111.81,285761.3444,0.3
2660,110.21,249157.6097,0.45
2661,126.33,259183.8169,0.47
2662,118.67,250555.2941,0.54
2663,147.74,394678,0.34
2664,110.06,222253,0.48
2665,122.09,263998.6255,0.57
2666,121.54,255816.0289,0.5
2667,117.41,223550.1667,0.48
2668,139.13,247525,0.47
2669,92.29,301977.8333,0.69
2670,126.65,209821,0.66
2671,136.07,225248.0246,0.41
2672,117.43,292217.6651,0.72
2673,129.26,244770.6563,0.55
2674,124.03,414438.2982,0.54
2675,108.85,274748.9167,0.59
2676,116.52,121513.5,0.56
2677,97.94,253160,0.57
2678,129.0,418839,0.71
2679,105.64,324146.3333,0.78
2680,93.73,366106.2321,0.25
2681,114.47,212528.5214,0.58
2682,118.45,196466.8381,0.6
2683,129.19,175489.9933,0.56
2684,115.47,196195.4769,0.6
2685,105.43,232632.3852,0.6
2686,116.29,251131.625,0.47
2687,91.79,220867,0.72
2688,101.7,193689.1905,0.53
2689,102.94,319886.3333,0.24
2690,117.61,401300.6853,0.3
2691,118.7,248203.5069,0.62
2692,115.69,224483.0392,0.44
2693,113.41,284314.864,0.66
2694,117.18,228084.4058,0.56
2695,97.48,208034.5,0.64
2696,109.95,251087.3586,0.56
2697,125.23,261542.319,0.39
2698,156.74,224173.9444,0.43
2699,117.08,232846.5718,0.55
2700,137.72,329065.8744,0.41
2701,160.15,120047,0.73
2702,117.91,209794.8224,0.67
2703,125.01,505067,0.8
2704,103.74,222899.7889,0.52
2705,99.74,228565.7431,0.52
2706,112.17,202023.463,0.54
2707,115.76,241122.0323,0.54
2708,139.18,433560.6,0.54
2709,69.89,74302,0.31
2710,89.8,289517.1855,0.44
2711,124.42,210174.0002,0.66
2712,115.62,235353.2642,0.69
2713,120.14,230008,0.46
2714,142.97,286779.3333,0.63
2715,170.55,401806.5,0.59
2716,134.24,294244.9183,0.56
2717,127.77,195290.0171,0.5
2718,123.2,190190.513,0.69
2719,102.06,193604.3333,0.54
2720,133.03,188946.0718,0.43
2721,115.27,182346.5,0.54
2722,198.06,118480,0.51
2723,129.01,250678.9095,0.55
2724,118.88,229764.801,0.51
2725,154.02,221060.0691,0.64
2726,152.43,189665.6667,0.39
2727,161.93,233520,0.26
2728,109.12,227155.3269,0.47
2729,131.72,260898.0833,0.49
2730,123.65,250821.825,0.5
2731,67.74,222020.7356,0.19
2732,140.01,430656,0.53
2733,96.94,219357.5714,0.57
2734,87.83,233804.3333,0.52
2735,89.97,311627.5,0.73
2736,173.23,276107,0.16
2737,64.5,186070,0.46
2738,117.73,288674.6208,0.49
2739,115.36,310327.7166,0.34
2740,134.0,227415.4837,0.56
2741,115.23,297789.0735,0.62
2742,119.14,286900.7473,0.64
2743,113.11,269542.6889,0.64
2744,122.62,242343.5098,0.73
2745,131.59,227903.955,0.48
2746,116.5,202566.7327,0.64
2747,86.95,143920.5,0.56
2748,119.6,245584.554,0.56
2749,109.98,238740,0.69
2750,101.25,268849.7211,0.56
2751,126.71,203824.119,0.63
2752,120.11,251458.0992,0.64
2753,127.39,151480,0.78
2754,109.03,301055.1923,0.65
2755,115.78,241992.6449,0.61
2756,118.53,241817.2776,0.6
2757,103.81,312652.2857,0.59
2758,111.17,333041.5852,0.56
2759,117.79,199010.2951,0.52
2760,90.71,238522.0351,0.2
2761,100.28,207781.6667,0.13
2762,131.46,230702.61,0.63
2763,111.04,221424.7683,0.33
2764,128.69,268130.8,0.83
2765,93.18,209422.1667,0.46
2766,102.5,254667,0.68
2767,130.52,263153.5,0.8
2768,123.01,250337,0.78
2769,122.21,228651.1875,0.61
2770,106.07,296780.25,0.55
2771,125.0,259700.2,0.78
2772,118.72,188556.9729,0.6
2773,131.2,214667.1728,0.75
2774,108.75,290929.4286,0.59
2775,140.66,256723.25,0.45
2776,106.08,271003.3333,0.54
2777,131.35,275520.2,0.74
2778,123.03,238192.7708,0.43
2779,119.26,248141.3008,0.73
2780,114.97,252807.25,0.5
2781,125.12,288878.598,0.52
2782,120.63,214611.5915,0.6
2783,119.35,305565.9823,0.62
2784,128.05,256336,0.71
2785,138.97,285470,0.63
2786,73.61,116467.75,0.14
2787,114.44,168218.1524,0.5
2788,85.16,379929.2159,0.26
2789,117.53,325838.1421,0.37
2790,125.57,290866.3333,0.68
2791,123.95,182452.5,0.46
2792,125.99,256640,0.72
2793,101.38,246626.0556,0.38
2794,72.48,263367.6429,0.37
2795,119.98,242453,0.71
2796,125.41,283515.75,0.49
2797,155.83,225213,0.69
2798,115.99,255397,0.61
2799,94.84,205773,0.42
2800,143.66,185130.9333,0.61
2801,128.02,391992,0.81
2802,112.66,281452.1296,0.41
2803,128.0,390327,0.79
2804,126.6,255472.8,0.57
2805,124.07,246852.5931,0.6
2806,112.02,233709.7572,0.62
2807,160.0,385232,0.5
2808,120.14,230008,0.46
2809,117.59,195952.3333,0.34
2810,126.36,280582.8749,0.63
2811,137.25,117490,0.75
2812,130.94,229772.1111,0.61
2813,122.06,349292.875,0.65
2814,127.09,310183.7778,0.74
2815,135.05,293426.0079,0.33
2816,159.08,319226.7593,0.51
2817,144.03,589498.8,0.67
2818,116.35,346147.9446,0.41
2819,110.83,216870.9726,0.42
2820,118.1,201021.0304,0.5
2821,107.22,215732.0288,0.82
2822,100.55,269417.6667,0.39
2823,134.61,235055.3869,0.48
2824,104.52,170234.2236,0.53
2825,100.76,137733,0.61
2826,138.62,252576.1,0.54
2827,119.27,236812.2164,0.53
2828,127.03,200757.363,0.6
2829,115.26,279926.7879,0.41
2830,116.49,288496.3968,0.41
2831,120.66,149106.374,0.38
2832,114.4,330705.6917,0.48
2833,102.8,288459.4792,0.55
2834,140.5,223791.6364,0.37
2835,108.82,223504,0.56
2836,104.77,349025.9667,0.33
2837,115.59,266272.5188,0.54
2838,126.21,187254.7698,0.49
2839,116.43,261615.4543,0.41
2840,98.7,294887.9388,0.38
2841,109.23,392987.2,0.3
2842,124.94,321473.6333,0.59
2843,155.0,336783.5,0.46
2844,109.26,277603.0453,0.61
2845,125.68,218092.6429,0.5
2846,135.0,42672,0.55
2847,122.02,278564.7917,0.7
2848,123.94,179822.4646,0.5
2849,145.01,453103,0.57
2850,121.77,262199.6473,0.47
2851,133.59,154605.8886,0.46
2852,140.11,252972.1978,0.42
2853,130.02,242484.625,0.53
2854,116.01,195707.4696,0.64
2855,134.61,178326.4316,0.55
2856,113.86,232396.8733,0.6
2857,139.73,242226.2738,0.36
2858,136.9,212012.5181,0.54
2859,104.68,319078.9667,0.51
2860,107.39,246553.2059,0.32
2861,96.42,124120,0.17
2862,158.06,119145,0.87
2863,88.24,629765.2,0.23
2864,98.01,209011.9524,0.52
2865,106.7,214656.6667,0.84
2866,121.68,223847.2,0.36
2867,111.3,422532.2,0.22
2868,120.51,312671,0.72
2869,126.85,227458.6572,0.62
2870,138.22,230440,0.6
2871,138.23,192536.5,0.52
2872,113.15,262341.168,0.48
2873,105.91,311460,0.68
2874,124.25,242226.5,0.64
2875,127.5,387925.0833,0.72
2876,127.03,262661,0.75
2877,114.84,306120.1667,0.71
2878,126.21,217035.9121,0.55
2879,139.05,186356.8333,0.47
2880,102.21,290351.7046,0.47
2881,105.57,257294.5,0.64
2882,120.29,260259.35,0.49
2883,118.94,258453.6201,0.35
2884,122.85,214031.2216,0.64
2885,105.91,311460,0.68
2886,127.06,343250.2967,0.46
2887,124.02,291231.375,0.43
2888,101.3,465004.5,0.34
2889,112.03,178907,0.8
2890,108.89,141648,0.58
2891,126.35,222448.1515,0.57
2892,168.01,212787,0.7
2893,110.4,181304.6667,0.64
2894,147.1,234055.6364,0.54
2895,127.53,230634.7933,0.6
2896,125.0,374139.5,0.78
2897,90.04,183414,0.63
2898,116.51,204319.9496,0.55
2899,127.19,251216.3,0.53
2900,109.72,208374.85,0.55
2901,160.98,259608.25,0.28
2902,110.25,236818.1585,0.31
2903,66.0,285240,0.12
2904,129.9,218293,0.46
2905,107.58,273416.5,0.43
2906,144.56,243679.15,0.33
2907,124.99,268283.8333,0.72
2908,156.02,148560,0.46
2909,139.56,214013.875,0.48
2910,144.91,297504.1111,0.33
2911,145.43,262742.4167,0.35
2912,128.65,291612.8362,0.39
2913,120.93,323533.8857,0.44
2914,113.21,282215.5967,0.73
2915,129.61,259698,0.68
2916,121.86,262752.9363,0.63
2917,118.45,238993.8,0.65
2918,99.31,369085.2857,0.38
2919,109.4,238907.8929,0.65
2920,115.65,318004.7778,0.63
2921,107.38,274982.1577,0.35
2922,97.35,245201.3056,0.56
2923,97.84,253573,0.33
2924,100.95,202609,0.4
2925,143.94,400560,0.39
2926,112.18,296116.9906,0.57
2927,115.04,271787.4083,0.56
2928,101.55,209717,0.79
2929,121.9,208891.1658,0.6
2930,136.0,468207,0.78
2931,117.37,176572.125,0.61
2932,134.75,208892.1429,0.7
2933,99.98,243265.5028,0.63
2934,104.2,205817.0079,0.6
2935,127.58,191083.2,0.55
2936,115.61,173826.103,0.56
2937,114.09,186597.0982,0.58
2938,133.09,198061.1944,0.41
2939,83.91,257067,0.11
2940,125.43,368834.0511,0.75
2941,138.66,231226.1269,0.48
2942,174.05,377931,0.73
2943,117.52,246545.14,0.39
2944,110.05,198786.3333,0.54
2945,108.04,120360,0.79
2946,133.43,360964.3333,0.37
2947,101.29,251493,0.26
2948,134.37,319664.6714,0.33
2949,125.8,382563.1676,0.73
2950,122.0,495738,0.8
2951,121.18,277320.4139,0.61
2952,135.26,200683.7928,0.73
2953,118.23,256055.7333,0.63
2954,126.89,212366.0524,0.65
2955,144.83,269208,0.48
2956,104.55,404991.2222,0.63
2957,141.29,200966.53,0.51
2958,99.11,222172.5556,0.56
2959,121.26,206040.8042,0.74
2960,120.6,236735.2767,0.68
2961,122.07,236401.6982,0.57
2962,119.52,237889.6526,0.58
2963,99.22,259874.6082,0.77
2964,121.54,189842.6429,0.54
2965,110.45,169452.3421,0.44
2966,129.93,237592.8542,0.57
2967,126.52,254082.9117,0.64
2968,99.96,235667,0.8
2969,141.58,240734.6286,0.57
2970,105.94,286811,0.68
2971,128.91,248379.9861,0.58
2972,92.0,215467,0.54
2973,126.35,246186.1059,0.64
2974,129.07,256897.3132,0.58
2975,160.42,138413.3333,0.38
2976,107.83,202718.4235,0.36
2977,103.14,607944.125,0.35
2978,114.88,171461.9196,0.35
2979,124.46,110246.1946,0.33
2980,125.11,285499.4052,0.34
2981,113.42,176902.1667,0.6
2982,112.25,219695.3975,0.46
2983,134.06,259449.1964,0.61
2984,116.28,292142.65,0.36
2985,103.93,185470.869,0.64
2986,103.98,700001.6,0.26
2987,110.72,193632.8934,0.49
2988,103.77,263668.7963,0.54
2989,132.62,229878.6577,0.7
2990,124.31,161688.5,0.58
2991,104.84,222693,0.9
2992,125.54,176939.7273,0.58
2993,113.36,200658.3526,0.6
2994,122.98,187180.5726,0.53
2995,118.5,169082.7847,0.6
2996,94.22,120700,0.75
2997,118.51,215819.4706,0.53
2998,78.98,254933,0.24
2999,115.34,130768.5222,0.61
3000,129.06,198335.2077,0.62
3001,140.8,203410.5313,0.42
3002,133.43,169418.003,0.52
3003,136.68,453595.6667,0.79
3004,143.81,238624.981,0.5
3005,126.26,300085.9286,0.61
3006,123.39,252143.6071,0.73
3007,130.34,312111.9688,0.68
3008,131.81,226117.2343,0.71
3009,114.69,366551.6667,0.67
3010,91.99,223508,0.77
3011,99.04,191159,0.85
3012,123.24,253832.4379,0.73
3013,80.0,170770,0.72
3014,127.62,204110.56,0.75
3015,115.61,229798.2882,0.66
3016,136.91,296858.75,0.76
3017,110.88,229385.5385,0.79
3018,127.57,226229.1111,0.62
3019,146.67,188785.6566,0.55
3020,119.85,248898.7083,0.42
3021,128.56,364838.7717,0.7
3022,87.86,171666.5,0.69
3023,95.48,238000,0.51
3024,119.6,304631.0368,0.61
3025,137.57,248249.4286,0.78
3026,121.81,262167.3413,0.7
3027,123.1,232923.0302,0.66
3028,111.74,199751.479,0.56
3029,120.02,240806.6935,0.54
3030,143.49,189576.1111,0.52
3031,112.4,188434.969,0.63
3032,111.86,295360,0.65
3033,100.03,172507,0.66
3034,103.96,281443,0.81
3035,126.78,275165.8542,0.56
3036,104.02,199460.6802,0.35
3037,104.92,386688.25,0.34
3038,125.01,468818,0.81
3039,133.73,562960,0.55
3040,100.52,226199.1182,0.52
3041,99.98,235376.4706,0.39
3042,79.66,393400,0.27
3043,99.44,225268.4072,0.51
3044,94.21,245400.8571,0.55
3045,119.05,335866.6667,0.67
3046,129.66,165067.8667,0.65
3047,107.36,247653.0997,0.74
3048,127.21,189109.2593,0.51
3049,196.55,292693,0.44
3050,99.05,472855.5833,0.62
3051,99.84,690766.75,0.16
3052,108.9,342760,0.74
3053,102.78,222148.5714,0.34
3054,134.34,219883.0833,0.62
3055,130.74,235847.7389,0.49
3056,120.06,246697.7437,0.51
3057,111.79,204449.8686,0.67
3058,122.62,239971.6598,0.68
3059,124.01,228358,0.82
3060,150.35,298210.2208,0.53
3061,115.5,333253.9394,0.4
3062,118.79,265111,0.39
3063,132.62,257081.8333,0.83
3064,123.83,400052.4479,0.73
3065,121.81,287050.44,0.75
3066,128.3,297853,0.74
3067,113.6,235235.4359,0.66
3068,124.7,258400.0909,0.71
3069,132.25,223496.8735,0.48
3070,91.81,111360,0.41
3071,116.75,214622.9189,0.61
3072,131.74,173243.8333,0.58
3073,101.09,190300,0.49
3074,126.77,240802.9302,0.53
3075,115.0,259758.9656,0.8
3076,186.03,170860,0.4
3077,98.12,122160,0.67
3078,124.5,447787,0.67
3079,132.54,301939.3125,0.4
3080,144.06,159851.3984,0.35
3081,114.42,278455,0.26
3082,98.4,189885.0108,0.29
3083,99.05,324673.2986,0.4
3084,136.17,318070.6111,0.66
3085,128.02,291321.5,0.66
3086,120.45,191259.9911,0.52
3087,114.9,203258.9074,0.59
3088,120.67,223347.7446,0.69
3089,135.11,207953.3462,0.49
3090,105.52,244419.0431,0.71
3091,102.82,226326.5,0.25
3092,134.11,176658.006,0.5
3093,150.17,271479.5049,0.47
3094,117.62,267731.6563,0.66
3095,126.55,186586.7143,0.74
3096,139.02,279506.6377,0.38
3097,140.99,302727.5,0.53
3098,116.77,224044.5,0.73
3099,78.67,170453,0.51
3100,155.82,305253.5,0.62
3101,137.39,282365.2618,0.69
3102,145.51,289340.9,0.64
3103,114.02,300584.7722,0.53
3104,139.87,251528.4211,0.31
3105,109.95,250787.1333,0.53
3106,119.58,253767.4583,0.57
3107,116.67,248100.1747,0.62
3108,123.49,184568.3466,0.75
3109,120.63,237809.6096,0.61
3110,127.12,267483.619,0.58
3111,129.16,243987,0.58
3112,133.8,150071,0.73
3113,123.32,147825.4375,0.61
3114,105.12,217682.3611,0.51
3115,118.25,208745,0.52
3116,155.4,210921.7333,0.51
3117,114.57,180648.9454,0.59
3118,111.97,253680.1923,0.72
3119,127.53,236986.5,0.76
3120,129.62,235833.2143,0.61
3121,106.75,216866.5,0.63
3122,125.02,423074.5,0.83
3123,98.49,332545.6437,0.26
3124,120.49,225914.7489,0.45
3125,133.8,256227,0.79
3126,137.62,307140.1667,0.5
3127,98.56,393593.2059,0.18
3128,108.99,369022.3333,0.43
3129,117.5,285997.6445,0.34
3130,105.73,186667,0.72
3131,109.48,181856.3109,0.56
3132,111.45,221595.5807,0.49
3133,95.54,211505.2958,0.38
3134,123.55,171482.5089,0.57
3135,125.4,225062.2722,0.54
3136,97.83,150641.8,0.41
3137,129.0,172118.7143,0.58
3138,107.84,197397.9983,0.46
3139,106.0,188115.3036,0.47
3140,107.62,176389.7307,0.35
3141,119.81,173631.1396,0.61
3142,112.2,180416.5139,0.62
3143,136.8,190966.5,0.61
3144,106.25,184099.1823,0.51
3145,109.92,170737.5938,0.52
3146,109.69,168236.8304,0.55
3147,124.73,160742.3205,0.68
3148,117.92,180227.4115,0.56
3149,89.37,464180.2172,0.24
3150,124.33,241918.6872,0.51
3151,107.89,332301.1429,0.59
3152,109.22,322558.6786,0.36
3153,123.23,208437.0061,0.58
3154,125.36,151590.1066,0.78
3155,146.13,223860.725,0.63
3156,120.17,227380,0.51
3157,122.62,273314.6171,0.7
3158,122.16,285440.9444,0.39
3159,117.95,238677,0.49
3160,121.87,172108.33,0.5
3161,149.21,314056.625,0.4
3162,112.74,222263.8333,0.21
3163,117.03,169233.4356,0.54
3164,125.64,319398.5136,0.73
3165,111.87,236653.7246,0.52
3166,131.75,188390.0648,0.53
3167,130.92,209349.125,0.55
3168,122.82,244133,0.78
3169,135.76,364453,0.35
3170,103.43,160460.6667,0.61
3171,114.78,273780,0.15
3172,98.67,206657,0.32
3173,123.42,202718.75,0.57
3174,126.67,259855.6678,0.52
3175,110.93,313053,0.56
3176,103.54,390761.8553,0.24
3177,118.64,122801.375,0.63
3178,117.0,229411.625,0.42
3179,137.26,205418.5,0.46
3180,113.87,260502.5758,0.43
3181,118.5,228852.3472,0.48
3182,121.43,301094.9111,0.56
3183,108.59,258580.497,0.76
3184,123.03,244764.8333,0.67
3185,106.3,246346.0505,0.76
3186,117.39,219263.4653,0.44
3187,93.94,214533,0.59
3188,145.44,159360,0.31
3189,135.1,193811.5,0.59
3190,111.81,258640,0.43
3191,123.61,161949.2339,0.64
3192,61.36,146618.75,0.11
3193,126.06,217566.5,0.33
3194,82.31,86707,0.52
3195,119.41,474228.1667,0.28
3196,126.68,215740.3333,0.77
3197,115.53,259500.5816,0.55
3198,99.56,224942.7222,0.58
3199,163.06,215760,0.43
3200,134.86,291967.7002,0.66
3201,114.68,314083.3573,0.58
3202,124.09,186693,0.68
3203,112.21,374652.7606,0.48
3204,123.43,334895.25,0.49
3205,125.41,301797.529,0.46
3206,120.71,278797.6343,0.47
3207,131.82,253795.7907,0.53
3208,116.17,247907.519,0.66
3209,130.66,184382.5,0.47
3210,94.97,222329.7357,0.47
3211,132.34,160362.875,0.54
3212,142.49,133482.8701,0.47
3213,115.62,244547.962,0.61
3214,135.03,206180,0.6
3215,114.99,195230.8388,0.49
3216,105.99,213429.1667,0.48
3217,125.39,185178.229,0.56
3218,105.49,207995.5,0.19
3219,87.62,95987,0.33
3220,100.47,221489.75,0.44
3221,125.57,331333.3333,0.44
3222,84.36,223840,0.11
3223,96.16,174747,0.68
3224,131.06,220533.25,0.6
3225,130.22,42813,0.69
3226,94.69,191949.6,0.58
3227,136.83,263953.6,0.63
3228,135.0,42672,0.55
3229,126.77,264101.6121,0.53
3230,105.85,441641.7778,0.64
3231,91.28,198417.3333,0.71
3232,130.14,184088.0781,0.63
